city,content,level,title,year
江门,江门市人民政府关于印发江门市区旧厂房升级改造扶持办法的通知详见附件1?附件1.pdf,市,2014江门市人民政府关于印发江门市区旧厂房升级改造扶持办法的通知(2014-08-07),2014
江门,关于印发江门市区“三旧”改造项目审批流程图和江门市区“三旧”改造项目审批事项的通知江三旧办〔2010〕1号蓬江区、江海区、新会区人民政府，市有关单位：根据《关于印发江门市推进旧城镇旧厂房旧村庄改造的指导意见的通知》（江府〔2010〕1号）和《关于印发江门市区“三旧”改造实施意见（试行）的通知》（江府〔2010〕3号），市“三旧”办制定了《江门市区“三旧”改造项目审批流程图》和《江门市区“三旧”改造项目审批事项》，现印发给你们，请认真贯彻执行。执行过程中遇到的问题，请及时向市“三旧”办（设在市府办公室）反映。江门市推进“三旧”改造工作领导小组办公室二○一○年三月十一日江门市区“三旧”改造项目审批流程图                   备注：1.已完成第7项步骤的项目可以直接办理第8项步骤；  2.已有第14项手续的项目可由第13项步骤直接办理第15项步骤；  3.新会区政府和新会区“三旧”办负责辖区内“三旧”项目第8项至第16项步骤的审批程序。江门市区“三旧”改造项目审批事项一、申请蓬江、江海区“三旧”改造项目认定（一）填写《江门市区“三旧”改造项目认定申请表》（附件1）。（二）需提交的申报资料：1.改造主体或区“三旧”办项目改造意向书；2.改造项目用地红线图（在1：1000或1：500地形图上标绘）；3.改造项目用地范围内的权属情况调查表；4.土地及地上附属物的权属证明；5.改造主体是联合申请的需提交土地权属人合作协议书；6.区政府或区“三旧”办审查意见；7.其他经审查需提交的资料。二、申请蓬江、江海区“三旧”改造项目规划条件（一）填写《江门市区“三旧”改造项目规划条件申请表》（附件2）。2.改造项目用地红线图（在1：1000或1：500地形图上标绘）；（二）需提交的申报资料：1.市“三旧”办的项目认定书；3.改造主体或区“三旧”办的授权委托书；4.其他经审查需提交的资料。三、报审蓬江、江海区“三旧”改造方案（一）填写《江门市区“三旧”改造方案申请表》（附件3）；（二）根据《江门市区“三旧”改造方案编制提纲》（附件4）编制江门市区“三旧”改造方案。四、申请蓬江、江海区“三旧”改造项目建设用地规划许可证需提交的申报资料：（一）市“三旧”办项目认定书；（二）“三旧”改造实施方案；（三）市城乡规划局出具的规划条件；（四）以公开出让方式获得的需提交土地出让合同；位的，应提交各土地权属人合作协议书；（六）经国土部门确认的地籍红线图；（七）涉及文物保护的需提交市文广新局的书面意见；（八）其他经审查需提交的资料。（五）以协议出让方式自行改造的需提交现状土地权属证明；涉及多个权属单（四）规划设计条件和规划用地红线图（经批准自行改造的，同时提交建设用地规划许可证）；（五）规划范围内土地权属资料（原是集体土地需提交征地批文）；六、新会区政府和新会区“三旧”办参照制定辖区内“三旧”项目的审批事项。五、办理蓬江、江海区“三旧”改造用地手续需提交的资料：（一）经市政府批准同意的“三旧”改造申请表；（二）经市政府批准的“三旧”改造方案；（三）“三旧”改造专项规划位置图；（六）规划范围内上盖物权属资料；（七）用地红线图；（八）其他经审查需提交的资料。附件：1.江门市区“三旧”改造项目认定申请表2.江门市建设用地规划许可申请表3.江门市区“三旧”改造方案申请表4.江门市区“三旧”改造方案编制提纲 附件1   江门市区“三旧”改造项目认定申请表拟改造项目名称申请改造人地块位置及权属、地上建筑物情况原土地性质及用途是否符合城市总体规划及已编制控制性详细规划     拟改造项目意向及预期效果   区“三旧”办审核意见市国土资源局审核意见市城乡规划局审核意见市“三旧”办审核意见 （盖章）   年   月   日 （盖章）   年   月   日 （盖章）   年   月   日 （盖章）   年   月   日                     江门市建设用地规划许可申请表收件时间：     年   月   日                编号：附件2  用地单位（个人、身份证号)联系人 联系电话  《建设项目选址意见书》 计划立项批文编号□项目选址□用地红线□规划设计条件□用地规划许可证□临时用地□规划意见□规划设计方案（在□内打√）申办性质 □新办□更名□性质变更□补办□续期（在□内打√）用地面积项目类别邮政编码m2   项目名称项目地点通讯地址编号申办事项原单位原项目m2 原《建设用地规划许可证》证号 法人代表 电话 联系人 电话    1.申请表份；6.建设项目选址意见书份；11.国土部门批复文件份；2.申请书及项目说明份；7.1／500地形图份；12.土地预审报告份；3.选址位置图份；8.规划图份；13.计划批准文件份；4.环评报告份；9.规划批复文件份；14.建设用地规划许可证份；5.规划设计条件份；10.红线图份；15.项目建设意向方案份。本表填报的内容及提交的所有材料的原件或复印件，及其内容是真实的。如因虚假而引致的法律责任，概由申请人承担，与审批（或核准）机关无关。若有书面材料需通知申请人，可按本表填写的通讯地址邮寄送达。申请单位（人）（签章）： 年   月   日        单位更名填写内容 补充说明资料清单申请人承诺备注  附件3    区“三旧”改造方案申请表（自行改造方式） 改造项目名称申请人法人代码（或身份证号码）法定代表人通讯地址及邮政编码项目位置土地使用权人项目用地面积土地使用权类型原土地用途是否纳入“三旧”改造专项规划是否符合城市总体规划是否符合土地利用总体规划是否已制定改造方案              联系电话法定代表人身份证号码项目拟建时间项目投资额度土地性质项目建筑面积改造后规划用途是否纳入年度改造计划是否已编制控制性详细规划是否符合产业发展规划          项目简介（请说明目前现状、改造意向、预期效果）：       区“三旧”办审核意见        市国土资源局审核意见市城乡规划局审核意见市住房城乡建 设局审核意见申请人：（盖章） 法定代表人： 年   月   日 （盖章） 年   月   日 （盖章） 年月日 （盖章） 年   月   日 （盖章） 年   月   日                                             市国资委审核意见其他相关部门意见市“三旧”办审核意见 市政府审批 意见              （盖章） 年   月   日 （盖章） 年   月   日 （盖章） 年   月   日 （盖章） 年   月   日                               区“三旧”改造方案申请表（公开出让方式）改造项目名称申请人地址项目位置项目拆迁面积  联系电话项目拟建时间涉及拆迁户数      项目用地面积项目投资额度是否符合土地利用总体规划是否符合产业发展规划    项目建筑面积项目开发形式是否符合城市总体规划是否已制定改造方案    项目简介（请说明目前现状、改造意向、预期效果）：                 申请人：（盖章） 法定代表人： 年   月   日          （盖章） 年   月   日       （盖章） 年   月   日           市国土资源局审核意见市城乡规划局审核意见市住房城乡建设局审核意见   市国资委审核意见其他相关部门意见市“三旧”办审核意见                     （盖章） 年   月   日       （盖章） 年   月   日       （盖章） 年   月   日       （盖章） 年   月   日       市政府审批意见       （盖章） 年   月   日       附件4  造专项规划。划。情况。江门市区“三旧”改造方案编制提纲一、拟改造地块与“三旧”改造专项规划的衔接情况重点说明拟改造地块是否符合“三旧”改造专项规划。（一）拟改造地块的位置、面积、界线等情况。（二）拟改造地块所在区域“三旧”改造专项规划的规划情况，是否符合“三旧”改（三）拟改造地块所在地土地利用总体规划情况，是否符合土地利用总体规二、拟改造地块土地相关情况（一）拟改造地块现状用途、面积、已使用年限、现有容积率、土地产出率等（二）拟改造地块的土地性质，重点说明土地权属状况。包括：建设用地性质（是国有建设用地还是集体建设用地）；用地面积；权属情况；权属依据（土地登记情况）。（三）原有土地使用权人对改造的意见。（四）用地范围是否存在需要完善的历史用地、是否有需要处理的边角地、夹心地和插花地。（五）需要完善历史用地的，准备如何处理；需要处理的边角地、夹心地和插花地是否符合省对“三旧”的相关要求。三、拟改造地块的地上建筑物情况（一）总建筑面积（二）建成年代（三）主要建筑结构（四）建筑物用途（五）权属人四、拟改造地块的规划情况（一）所在区域控制性详细规划情况。（二）改造地块规划建设要求和相关规划指标。（三）规划范围内历史文化遗址的保护要求等。主要说明补偿安置方案情况。旧村改造的，补偿安置方案应经改造范围90%以要求以什么方式供地；要求协议出让自行改造的，应说明符合哪些协议出让的七、实施计划和改造成果改造计划安排情况，包括前期策划、项目报批、拆迁安置、项目建设、配套完善及竣工验收等进度计划、完成时限及责任人、建设资金准备情况等。同时，还需说明改造效果，包括改造后应达到的效果及预期收益分析。旧村改造的，还需说明村集体经济收益分配原则。包括对资金能否保障、是否具备可行性等作总体结论。五、补偿安置上业主通过。六、供地方式条件。八、结论 发表评论与建议发 表,市,2010关于印发江门市区“三旧”改造项目审批流程图和江门市区“三旧”改造项目审批事项的通知,2010
江门,关于印发开平市“三旧”改造实施意见（试行）的通知开府〔2010〕7号 各镇人民政府、办事处，翠山湖管委会，市各有关单位：现将《开平市“三旧”改造实施意见（试行）》印发给你们，请认真贯彻执行。执行过程中遇到的问题，请及时向市“三旧”办反映。  二〇一〇年三月二十六日开平市人民政府 开平市“三旧”改造实施意见（试行）为积极实施和推进我市旧城镇、旧厂房、旧村庄（以下简称“三旧”）改造工作，根据《关于印发开平市推进旧城镇旧厂房旧村庄改造的指导意见的通知》（开府〔2010〕6号），制定以下实施意见：一、“三旧”改造的范围旧城镇改造主要是指各镇（办事处）中心区内国有土地的旧片区、旧房屋等的改造。城区国有土地上建设年代久远、基础设施不全、影响城市功能、建筑结构陈旧、存在安全隐患以及因公共利益需要拆迁的房屋及其附属物均纳入旧城改造范围。旧厂房改造主要是指城镇建设范围内影响城市合理功能或布局的旧厂房改造。包括市区产业需要“退二进三”的企业工业用地，因城市规划调整不再作为工业用途的厂房（厂区），国家产业目录规定的禁止类、淘汰类产业转为鼓励类产业或以现代服务业和先进制造业为核心的现代产业的原厂房用地。重点改造范围是影响城市功能布局、不符合安全生产、环保要求和上世纪90年代以前建设的单层简易结构旧厂房。旧村庄改造主要指“城中村”、“园中村”、“空心村”等在内的旧村庄改造。包括布局散乱、条件落后，规划确定改造的村庄。二、编制“三旧”改造专项规划及年度实施计划纳入“三旧”改造专项规划的改造项目，才能按省市有关“三旧”改造政策实施。（一）“三旧”改造专项规划必须服从土地利用总体规划和城乡规划。（二）“三旧”改造专项规划由市“三旧”办牵头组织编制，“三旧”改造专项规划成果经市人民政府批准后实施，并报江门市人民政府备案。（三）“三旧”改造专项规划应包括改造范围、改造目标、改造后的功能定位、总体用地布局和规模、规划控制要求、配套设施的总体规划和道路规划、历史文化遗迹、自然生态保护等内容。“三旧”改造专项规划成果应包含规划文本、图纸和附件。“三旧”改造专项规划经批准后，根据年度实施计划，要编制各项目地块的控制性详细规划，明确各项目地块具体的建设规划要求。（四）根据“三旧”改造规划，市“三旧”办编制“三旧”改造年度实施计划，由市人民政府批准实施。三、调查改造范围土地房屋权属状况经批准的“三旧”改造专项规划，在改造前，由市“三旧”办组织国土资源和建设、房产部门，对每片拟改造范围的土地和房屋面积、权属状况进行调查摸底，在图件上标注，并列表造册，做好“三旧”改造范围内的确权或登记工作。调查成果作为制订“三旧”改造方案的依据。四、“三旧”改造主体的确定根据“三旧”改造专项规划划定的改造范围，可以连片一次改造，也可以分期分项目实施。分期分项目改造的，每期每项目必须保持控制性详细规划的完整性，在经济上有利于整个规划范围的顺利实施，不允许只改造易改造的，留下难改造的。具体分期分项目的范围由市“三旧”办审定。“三旧”改造按不同情况，以不同的方式确定改造主体。（一）为了城市基础设施和公共设施建设，不涉及经营性项目的，可由市人民政府指定改造和建设主体。改造所需要的土地，由市人民政府收回或收购，地上物的拆迁补偿和安置由改造主体负责。改造后节余的土地，纳入政府储备土地，由政府统筹安排使用。（二）市直国有企业、市直各类资产经营公司所持有的土地，由市土地储备中心统一收回，采取公开出让方式确定改造主体。（三）纳入“三旧”改造专项规划的改造项目，符合下列条件、且项目所在地块已编制控制性详细规划的，可通过协议出让方式确定改造主体。经批准自行改造的“三旧”改造项目，工程未竣工验收前不得转让。1．旧村改造中，原农村集体建设用地原则上应先征为国有土地。经报省人民政府批准征为国有土地的旧村，原村集体经济组织可申请自行改造，按标准缴纳土地出让金。经批准保留集体建设用地的，改造后可用于建设村民住宅、村集体物业和村集体公共设施，不得用于商品住宅建设。农村集体经济组织可成立项目公司开展旧村改造。村集体成立的公司需引入社会资金合作开发的，合作主体的选择、合作方式、出资比例、利益分配等内容必须召开村民大会或村民代表大会通过。规划片区范围包含旧村、旧厂、旧城的，如为改造需要实施征地前农村集体建设用地面积占规划片区总面积70%以上的，应视为旧村改造。村集体申请时须提交已与规划范围内不属本集体经济组织的土地权属人达成补偿或收购的协议。2．“三旧”改造专项规划片区全范围内土地属单一土地使用者的，可由原土地使用者经申请批准，按标准缴交土地出让金后，自行组织实施。3．市场主体完成收购改造片区范围内全部多宗土地，按原用途完成过户手续后，形成改造片区全范围土地权属单一土地使用者的（不含道路、公共绿地等公共地块），可申请按标准缴交土地出让金后自行改造。4．不符合上述第3点情况的项目，采取公开出让方式确定改造主体。五、“三旧”改造方案的编制和审批（一）申请自行改造的，申请人应提交自行编制的“三旧”改造方案，并阐明符合自行改造条件的理由。采用公开方式确定改造主体的，由市“三旧”办组织编制“三旧”改造方案。（二）“三旧”改造方案编制的主要内容1．改造地块的基本情况具体应包括土地位置、面积、土地权属情况、土地使用方式、房屋产权情况、临时建筑物或构筑物的面积及是否存在抵押、查封等情况。包括改造地块是否符合土地利用总体规划和城乡规划，是否已纳入市”三旧”改造规划和年度实施计划，是否已编制控制性详细规划。包括该地块现用途情况，使用情况（属于不同用途的，分别列出用途、面积及使用单位）。现有建筑面积、容积率、年产值等情况。包括地块中需完善征收手续的土地的征地补偿情况、被征地农民的意见、违法用地处罚情况、或自行改造主体与土地原权属人达成的补偿或收购协议情况。2．规划情况3．土地利用现状情况4．协议补偿情况5．土地拟改造情况包括供地方式、改造后的土地用途（具体的用途和产业）、地块改造的规划建设要求、重置建设成本、预计年产值（或改造后的综合效益情况）等情况。（三）“三旧”改造方案的审批改造项目由市“三旧”办审批。（四）“三旧”改造方案审批的主要内容1．国土资源部门：是否符合土地利用总体规划；土地利用现状情况；权属情况；供地方式；历史用地问题的处理；土地置换等问题。2．规划部门：是否符合城乡规划；使用功能、容积率、密度等是否符合控制性详细规划的要求；是否在“三旧”改造专项规划范围内。3．建设、房管部门：核实上盖物权属，审核房屋拆迁补偿成本等。4．环保部门：是否符合环保要求。5．文物部门：提出文物保护要求。6．发改部门：提出产业政策方面意见。7．市政部门：提出地块周边配套设施意见。8．其他部门根据职能提出相应意见。六、“三旧”改造项目的拆迁补偿和安置（一）自行改造项目市“三旧”办综合各职能部门意见后，对“三旧”改造方案提出审批意见。经批准由改造主体自行改造的“三旧”改造项目，按本文第七点确定的标准缴纳地价后，拆迁补偿和安置费用按经批准的“三旧”改造方案确定的预算由财政部门在土地出让收益中支付给改造主体。拆迁补偿和安置费用预算大于应补地价或自行拆迁安置实际费用超出批准的预算的，超出部分由改造主体负担。自行改造项目的拆迁成本预算按照以下方式确定：旧村部分按“需拆除的商业、住宅房屋面积×改造后用途的基准地价+重置相应面积所需建设成本”计算。面积所需建设成本”计算。旧城部分按“需拆除的商业、住宅房屋面积×评估的改造后的楼面地价+重置相应旧厂区部分，按“厂区工业用地价格+厂区建筑物重置建设成本×折旧率”计算。其中厂区工业用地是划拨土地的，按工业用地划拨土地权益的有关规定确定；是出让土地的，按地段工业用地基准地价进行年期修正后确定。改造范围内的临时建筑物、构筑物，按评估价由“三旧”办确定补偿额。计算拆迁成本所需的土地面积、划拨土地权益价，由国土资源部门核定；房屋和临时建筑物、构筑物面积以及重置建设成本、折旧率，由建设房产部门核定。（二）公开出让项目1．公开出让的“三旧”改造项目，拆迁补偿和安置后形成净地再出让。拆迁补偿安置工作由市“三旧”办负责，所需费用由市垫支。市为拆迁补偿和安置支付的费用，以及相应的利息（按银行一年贷款利率计算），在地块出让后由市财政部门在地块的土地出让收益中支付给区，同时按拆迁补偿安置费用总额的2%计提给区“三旧”办作工作经费。2．旧城、旧村更新改造范围内的住宅房屋，被拆迁人可以选择货币补偿、本区域就近安置和跨区域异地安置三种补偿方式。货币补偿、本区域就近安置和跨区域异地安置的补偿安置标准由市“三旧”办另行制定。更新改造范围内的住宅房屋的拆迁补偿安置，以被拆迁房屋的市场评估价为基础，增加一定的改造奖励和搬迁奖励。对改造范围内的旧厂区的补偿，原土地使用权人在签订拆迁安置补偿协议时可选择以下两种方式中的一种计算补偿：方式一：先对厂区上盖补偿，厂区土地的补偿在土地出让后按（土地成交总额× -上盖补偿）×40%计算支付。方式二：上盖和土地均暂不补偿，土地出让后，按土地成交总额××60%计算支付。其中厂区土地面积为旧厂国有土地使用权证登记的建设用地面积（登记后用地范围有调整、未办理变更登记的，以调整后的面积为准），改造范围面积为该旧厂项目所属的“三旧”改造专项规划范围内的建设用地面积。七、“三旧”改造项目土地出让价格的确定（一）自行改造项目土地出让价格的确定自行改造的旧村项目，土地出让价按地块所在区段的基准地价修正后计算，由市人民政府按照省人民政府《关于建立土地管理共同责任制度的通知》（粤府〔2008〕100号）规定，建立建设用地审批（审核）会审制度集体决策确定。基准地价标准及修正计算办法按照现行基准地价有关规定执行。自行改造的旧城、旧厂项目，土地出让价应在评估价的基础上，由市人民政府按照省人民政府规定的土地审批制度集体决策确定。（二）公开出让项目土地出让底价的确定出让底价应在确定规划建设条件的前提下，通过评估机构评估净地出让价格后，按照省人民政府规定的土地审批制度集体决策确定。出让底价不能低于各项成本之和。评估价是指假定改造范围是平整、无上盖物的土地，在“三旧”改造规划方案确定的各项建设指标条件下，参照市场价格和基准地价，由评估机构评估的新规划下的土地总价（单价用楼面地价表示）。八、供地经批准的“三旧”改造方案，交国土资源部门制定供地方案。供地方案按照市规定的审议程序审核，市政府批准后，按程序供地。属协议出让土地的，出让前要按规定公示。九、“三旧”改造支持政策（一）财政方面旧村改造的，土地出让纯收益的60%由市财政支出专项用于支持原农村集体经济发展，旧村改造土地出让纯收益剩余的40%和旧城改造土地出让纯收益，由财政扣除必要的支出和计提后，全部留给市政府。市留成部分应设立专帐核算，用于“城中村”整治改造和旧城更新改造项目，以及改造项目及周边的市政基础设施、公共服务设施建设等用途。土地出让纯收益是土地出让收入扣除土地成本（包括集体建设用地征收为国有建设用地所需的一切费用、拆迁安置费用、收回国有土地成本等）及应上缴国家和省的有关税费后剩余的土地收益。（二）规划方面1．按照城市规划要求，符合消防、抗震安全、城市道路等有关规定，在满足功能配套需要的前提下，对为社会公众提供开放空间的项目，可按有关规定适当提高建筑容积率，因地制宜地制定规划指标。2．对现有工业用地改造后不改变原用途的，在符合规划和现行国家规范前提下，综合考虑不同地块的环境状况、历史人文和物业特点，鼓励适度提高工业用地建筑容积率。提高容积率的，不再增缴土地出让金。3．符合规划，旧厂房原有建筑质量好、规划可以改为商业、办公等建筑使用的，可保留原有建筑物，按有关规定补交土地出让金后办理变更土地性质和建筑物使用性质手续。（三）土地方面1．纳入“三旧”改造专项规划改造范围，符合土地利用总体规划且已使用、但没有合法用地手续的建设用地，按以下情况分别处理：（1）用地行为发生在1987年1月1日以前的。由市国土资源部门出具符合土地利用总体规划的审核意见书，依照原国家土地管理局1995年3月11日发布的《确定土地所有权和土地使用权的若干规定》进行确权，办理国有建设用地确权登记手续。（2）用地行为发生在1987年1月1日至2007年6月30日之间的，已对农村集体经济组织签订补偿协议且作了补偿，没有因征地补偿安置等问题引发纠纷，迄今被征地农民无不同意见的，可按用地发生时的土地管理法律政策落实处理（处罚）后按土地现状办理征收手续，向省以上人民政府申请补办征地手续。用地行为发生时法律和政策没有要求听证、办理社保审核和留用地安排的，在提供有关历史用地协议或被征地农村集体同意的前提下，不再要求举行听证、办理社保审核和留用地安排。（3）没有合法用地手续，符合土地利用总体规划而又保留为集体性质的土地，参照上述条款进行确权登记或向省人民政府申请补办农地转用手续。2．在“三旧”改造中规划边沿地带，单块面积小于3亩，累计面积不超过改造项目用地面积10％的零碎地块，如为集体土地，需向省人民政府申请办理农地转用或土地征收手续，在提供有关证明材料的前提下，可不再举行听证、办理社保审核和安排留用地。其他方面按现行征转用手续程序办理。上述有关完善历史用地手续的规定执行至2012年底。（四）建设方面1．旧村庄自行改造项目，在原地块内建设安置住房时，可按原拆除合法住宅对等面积免收城市基础设施配套费。旧厂改造项目，在异地兴建厂房的，可按原拆除合法厂房对等面积免收城市基础设施配套费。2．“三旧”改造区域涉及的基础设施建设项目优先列入城市建设年度计划。3．对纳入“三旧”改造拆迁范围的历史建设遗留问题，遵循“尊重历史、兼顾现实”的原则，按照有关政策和规定给予补办手续。确实不能补办手续的，房屋拆迁时要妥善解决住户的居住问题。4．对“三旧”改造范围内已按照有关政策补办相关手续的历史遗留问题，兴建单位或个人申请房屋登记的，可给予办理。5．对纳入“三旧”改造范围的国有土地房屋拆迁，优先安排拆迁指标，加快办理搬迁、引入的项目符合市重点扶持发展的行业，可享受市招商引资相关优惠政房屋拆迁许可手续。（五）产业发展方面策。（六）税收方面1．旧厂房改造涉及企业搬迁、土地征用等发生的财产损失，根据国家税务总局关于印发《企业资产损失税前扣除管理办法》的通知（国税发〔2009〕88号）的有关规定，报经市主管税务机关审批后，在申报企业所得税时扣除。2．对被拆迁人按照国家有关城市房屋拆迁管理办法规定的标准取得的房屋拆迁补偿款，经主管税务机关核实后，依法免征个人所得税；凡县级以上人民政府批准，国土资源部门及有关房地产管理部门发出公告，限期拆（搬）的地（路）段的，被拆迁户取得的拆迁补偿收入（包括货币、货物或其他经济利益）经主管税务机关核实后，暂不征收营业税及城市维护建设税、教育费附加。属于房屋拆迁补偿的，可按政策规定申请减免契税。十、加强组织领导和检查监督市“三旧”办要加强“三旧”改造工作的组织领导，各相关职能部门要主动服务、优化程序，对涉及“三旧”改造项目的审批事项，应当采取提前介入、并联审批等方式加快办理。监察部门对“三旧”办、相关职能部门履行职责情况以及“三旧”改造开展情况监督检查。凡是弄虚作假，擅自将不符合“三旧”改造范围的用地纳入改造范围或不按“三旧”改造报批程序进行报批的，由监察部门依照有关规定严肃查处。十一、此前市政府出台的旧城镇、旧村庄、旧厂房改造政策与本意见不一致的，以本意见为准。十二、本意见自颁布之日起实施。十三、本意见由市“三旧”办负责解释。               发表评论与建议    发 表,市,2010关于印发开平市“三旧”改造实施意见（试行）的通知,2010
江门,关于印发开平市推进旧城镇旧厂房旧村庄改造的指导意见的通知开府〔2010〕6号 各镇人民政府、办事处，翠山湖管委会，市各有关单位：现将《开平市推进旧城镇旧厂房旧村庄改造的指导意见》印发给你们，请认真贯彻执行。 开平市人民政府二〇一〇年三月二十三日 开平市推进旧城镇旧厂房旧村庄改造的指导意见为深入贯彻落实科学发展观和《珠江三角洲地区改革发展规划纲要（2008－2020年）》，切实推进我市旧城镇、旧厂房、旧村庄（以下简称“三旧”）改造工作，进一步提升我市经济社会发展的承载能力和综合竞争力，加快建设江门新的经济增长极、珠三角生态宜居名城和广东旅游强市，根据省政府《关于推进“三旧”改造促进节约集约用地的若干意见》（粤府〔2009〕78号）和江门市人民政府《关于印发江门市推进旧城镇旧厂房旧村庄改造的指导意见的通知》（江府〔2010〕1号）有关精神，结合我市实际，提出如下意见：一、充分认识、深刻领会“三旧”改造工作的重要性和紧迫性（一）推进“三旧”改造是省委、省政府的重大决策为推动经济社会可持续发展，省委、省政府作出了省部合作建设节约集约用地试点示范省的重大战略决策，“三旧”改造作为其中一项重要内容，中共中央政治局委员、省委书记汪洋作出重要批示，省政府出台了粤府〔2009〕78号文件，对处置历史用地遗留问题、按土地现状办理用地手续、按不同方式供地等涉及“三旧”改造的核心问题进行了改革创新，充分显示了省委、省政府对“三旧”改造的决心和信心，也显示了“三旧”改造的政策性、时效性强，时间紧、任务重。为此，各部门单位必须高度重视，周密部署，积极探索，扎实推进，务求尽快取得成效。（二）推进“三旧”改造是节约集约用地，保障科学发展的迫切需要土地资源是经济社会可持续发展的战略基础和根本保障。改革开放以来，我市经济社会发展取得了巨大成就，但同时也消耗了大量的土地资源，要保持经济社会又好又快发展的势头，粗放的土地利用方式已难以为继，“三旧”改造是我市在土地资源供需矛盾日益突出的情况下，拓展建设空间、保障发展用地的重要途径。（三）推进“三旧”改造是建设宜居城乡，提高市民生活质量的迫切需要随着我市城市化步伐的加快推进，市民对居住条件和生活环境提出了越来越高的要求，旧城镇、旧厂房、旧村庄不仅影响城乡景观和道路交通，而且影响城乡居民居住条件和生活环境的改善，严重制约我市珠三角生态宜居名城和市民生活质量的提高。立足土地资源市情，大力推进“三旧”改造正是破解这一难题的最有效途径。（四）推进“三旧”改造是完善历史用地手续，构建和谐开平的迫切需要土地权属纠纷历来是人民内部矛盾的一个重要方面，也是影响社会和谐的一个重要因素。“三旧”改造为我们提供了一个完善历史用地手续、明晰土地产权、解决群众纠纷的难得机遇。只有抓住这一机遇，大力推进“三旧”改造，才能全面彻底解决“三旧”土地历史遗留问题，切实保障土地权利人合法权益，为加快和谐社会建设赢得时间。二、推进“三旧”改造的基本原则和目标任务（一）基本原则1．政府引导、市场运作。按照“政府引导、市场运作、政策推动、属地实施”的工作思路，充分调动政府、集体、土地原使用权人及相关权利人的积极性，吸引社会各方广泛参与。政府统一组织，制定专门政策，负责规划的制定以及土地的出让。2．统筹规划、因地制宜。坚持规划先行，实行严格的规划控制。在土地利用总体规划和城市总体规划的引领下，对列入“三旧”改造范围的建设用地，实行统一、科学、全方位的立体规划，编制控制性详细规划和改造方案。通过实施“三旧”改造，加强产业集聚发展，加强历史文化保护，提升城市品位，改善居民生活环境质量。“三旧”改造要从各地实际出发，实行差别化发展，促进区域特色的形成。高水平建设一批先进制造业和现代服务业项目，成为城市改造的新亮点。3．尊重历史、明晰产权。既要做好与国家法律政策的衔接，防止发生新的违法违规用地行为，又要兼顾各地发展历史和土地管理政策的延续性，妥善解决历史遗留问题。改造利用与完善手续相挂钩，属于“三旧”改造的房屋和土地，未经确权、登记，不得改造。4．互利共惠、让利于民。坚持以人为本，以群众是否满意作为“三旧”改造是否成功的重要标准，努力实现多方共赢、民赢优先。各级政府和相关部门要兼顾被改造方和用地者等各方利益，既要督促完善征地拆迁补偿机制，又要督促“三旧”改造的用地者依照法律法规，按照尊重历史、有利于改造的原则，对被拆迁人给予补偿安置，让广大群众从“三旧”改造中分享发展成果，保护各方推进“三旧”改造的积极性。（二）目标任务2010年启动“三旧”改造工作。用3年时间完善“三旧”改造中涉及的各类历史用地手续工作。到2012年基本完成城市核心区内群众投诉多、卫生环境差、基础设施不完备、影响城市景观的“三旧”改造项目。1．近期改造目标2．中远期改造目标用5至8年左右时间完成旧城镇、旧厂房、旧村庄改造。到2018年，我市城镇的道路交通和城市景观有明显改变，第三产业发展有更大空间，市民居住条件和生活环境有明显改善，改造区域内无危破房屋：全面完成旧厂房改造，使其成为功能配套完善的现代化工业、商贸新城，成为产业优化升级的重要载体以及城市延伸发展的重要组成部分；把旧村庄改造成为功能配套、祥和安康的生活公寓，成为承接城市延伸、构建生态宜居名城的重要组成部分，成为资源集聚、产业发展的重要平台，成为环境优美、绿色环保的生态家园。三、推进“三旧”改造的组织架构和实施步骤（一）组织机构成立开平市推进“三旧”改造工作领导小组，对全市“三旧”改造工作进行统一协调、指导、服务和监督。市政府主要领导任组长，分管副市长任副组长，各镇、办事处和市各有关部门为成员单位。领导小组下设办公室，主任由市府办分管副主任兼任，办公室设在市府办公室，人员从各相关单位抽调，负责日常具体工作。（二）工作职责1．“三旧”改造工作领导小组主要职责：领导、部署全市“三旧”改造工作，审核全市“三旧”改造政策和总体规划，审批市区“三旧”改造方案和年度实施计划，协调“三旧”改造工作中遇到的重大问题，检查监督“三旧”改造的实施。2．“三旧”改造工作领导小组办公室（以下简称“三旧”办）主要职责：审核上报全市“三旧”改造专项规划，制定市年度“三旧”改造工作计划并组织实施市区“三旧”改造，组织制订全市“三旧”改造的有关政策措施，协调解决工作过程中的有关问题，定期向领导小组报告全市“三旧”改造工作进展情况，组织实施市直国有、集体企业旧厂房改造项目。3．“三旧”改造工作领导小组成员单位主要职责：国土资源部门负责组织项目用地评估，负责土地确权、登记，组织国有建设用地使用权公开招标、拍卖、挂牌交易等工作，办理“三旧”改造有关农用地转用、征收土地等用地手续。规划部门负责指导、组织编制和审查“三旧”改造专项规划和近期改造片区的详细规划，界定“三旧”改造片区范围，提供项目的规划设计条件，控制“三旧”改造的容积率，同步规划改善旧区的交通、市政等基础设施，及时办理项目有关手续，会同有关职能部门做好规划实施的监督管理工作。建设、房产部门负责“三旧”改造具体项目的房屋拆迁管理，施工报建等“三旧”改造工程项目建设监管。（三）实施主体其他各有关部门按照职责分工全力配合做好“三旧”改造有关工作。各镇、办事处为推进“三旧”改造的第一责任主体，要相应成立“三旧”改造工作领导小组，统筹本地区的“三旧”改造工作，落实工作经费。市各有关部门要全力配合，组织对辖区内的“三旧”用地进行调查摸底，将每宗“三旧”用地在土地利用现状图和土地利用总体规划图上标注，并列表造册。编制辖区“三旧”改造专项规划和年度实施计划。编制及批准辖区“三旧”改造工作实施方案。组织实施辖区“三旧”改造工作，协调解决辖区内“三旧”改造工作过程中出现的问题。（四）实施步骤从2010年1月起，开展“三旧”用地调查，组织编制“三旧”改造专项规划及年度实施计划和控制性详细规划。在制定“三旧”改造专项规划及年度实施计划的基础上，广泛宣传“三旧”改造的重要意义、相关法律法规和政策，让群众了解“三旧”改造为经济社会发展和市民生产生活等各方面带来的好处，吸引原土地使用者及投资者参与“三旧”改造。各镇、办事处组织原土地使用者、村委会及投资者按照“三旧”改造专项规划及年度实施计划，在符合省“三旧”改造相关政策的前提下，制定“三旧”改造方案，报市“三旧”办审核后，报市“三旧”改造工作领导小组审批。四、推进“三旧”改造的工作要求（一）严格依据相关政策开展“三旧”改造工作“三旧”改造开发的土地，按粤府〔2009〕78号文件精神，在扣除地上建筑物补偿后的土地出让纯收益按不高于60％的比例，用于土地补偿，具体比例和操作意见在我市“三旧”改造实施意见中予以明确。（二）严格按照程序报批“三旧”改造计划在认真细致开展“三旧”用地调查的基础上，科学组织编制“三旧”改造规划和年度实施计划。“三旧”改造规划由开平市人民政府批准实施，“三旧”改造年度实施计划由市“三旧”改造工作领导小组批准实施，“三旧”改造方案按《转发省国土资源厅关于“三旧”改造工作实施意见（试行〕的通知》（粤府办〔2009〕122号）的程序和规范格式要求，包括改造地块的基本情况、规划情况、土地利用现状情况、协议补偿情况、土地拟改造情况、拟补办用地手续情况等内容。对“三旧”改造涉及的各类历史用地需完善用地手续的，由市政府制订方案报江门市政府审批后，报省政府审批。完善“三旧”改造中涉及的各类历史用地手续工作在2012年前完成，之后不再办理。为争取时间，尽快完成补办手续，各镇、办事处务必在2011年底前将资料上报到市，由市审核后报江门市和省审批。  发表评论与建议发 表,区/县,2010关于印发开平市推进旧城镇旧厂房旧村庄改造的指导意见的通知,2010
江门,    关于印发江门市区“三旧”改造实施意见（试行）的通知江府〔2010〕3号蓬江、江海、新会区人民政府，市直有关单位：《江门市区“三旧”改造实施意见（试行）》业经市政府十三届六十一次常务会议审议通过，现印发给你们，请认真贯彻执行。执行过程中遇到的问题，请及时向市“三旧”办反映。江门市人民政府二○一○年二月三日 江门市区“三旧”改造实施意见（试行）为积极推进实施市区旧城镇、旧厂房、旧村庄（以下简称“三旧”）改造工作，根据《关于印发江门市推进旧城镇旧厂房旧村庄改造的指导意见的通知》（江府〔2010〕1号），制定如下实施意见：一、“三旧”改造的范围旧城镇改造主要是指市（区）、镇（街道）中心区内国有土地的旧片区、旧房屋等的改造。城区国有土地上建设年代久远、基础设施不全、影响城市功能、建筑结构陈旧、存在安全隐患以及因公共利益需要拆迁的房屋及其附属物均纳入旧城镇改造范围。旧厂房改造主要是指城镇建设范围内影响城市合理功能或布局的旧厂房改造。包括市区产业发展需要“退二进三”的企业工业用地，因城市规划调整不再作为工业用途的厂房（厂区），国家产业目录规定的禁止类、淘汰类产业转为鼓励类产业或以现代服务业和先进制造业为核心的现代产业的原厂房用地。重点改造范围是影响城市功能布局、不符合安全生产、环保要求和上世纪90年代以前建设的单层简易结构旧厂房。旧村庄改造主要指“城中村”、“园中村”、“空心村”等在内的旧村庄改造。包括布局散乱、条件落后、规划确定改造的村庄。二、编制“三旧”改造专项规划及年度实施计划纳入“三旧”改造专项规划的改造项目，才能按省、市有关“三旧”改造政策实施。（一）“三旧”改造专项规划必须服从土地利用总体规划和城乡规划。（二）“三旧”改造专项规划由城乡规划部门牵头组织编制。“三旧”改造专项规划成果经征求区政府和市直相关部门意见后报市规委会及市“三旧”改造工作领导小组批准实施。经批准的“三旧”改造专项规划成果由市政府报送省住房城乡建设厅、省国土资源厅备案。（三）“三旧”改造专项规划应包括改造范围、改造目标、改造后的功能定位、总体用地布局和规模、规划控制要求、配套设施的总体规划和道路规划、历史文化遗迹、自然生态保护等内容。“三旧”改造专项规划成果应包含规划文本、图纸和附件。“三旧”改造专项规划经批准后，要编制各项目地块的控制性详细规划，明确各项目地块具体的建设规划要求。（四）根据“三旧”改造规划，市“三旧”办编制“三旧”改造年度实施计划，由市“三旧”改造工作领导小组批准实施。三、调查改造范围土地房屋权属状况在经批准的“三旧”改造专项规划范围内，改造前，由区“三旧”办组织国土资源和住房城乡建设部门对每片拟改造范围的土地和房屋面积、权属状况进行调查摸底，在图件上标注，并列表造册，做好“三旧”改造范围内的确权或登记工作。调查成果作为制订“三旧”改造方案的依据。四、“三旧”改造主体的确定根据“三旧”改造专项规划划定的改造范围，可以连片一次改造，也可以分期分项目实施。分期分项目改造的，每期每项目必须保持控制性详细规划的完整性，在经济上有利于整个规划范围的顺利实施，不允许只改造易改造的，留下难改造的。具体分期分项目的范围由市“三旧”办审定。“三旧”改造按不同情况，以不同的方式确定改造主体。（一）城市基础设施和公共设施建设，不涉及经营性项目的，可由市、区政府指定改造和建设主体。改造所需要的土地，由政府收回或收购，地上物的拆迁补偿和安置由改造主体负责。改造后节余的土地，纳入政府储备土地，由政府统筹安排使用。（二）市直国有企业、市直各类资产经营公司所持有的土地，由政府土地储备机构统一收回，采取公开出让方式确定改造主体。（三）纳入“三旧”改造专项规划的改造项目，符合下列条件、且项目所在地块已编制控制性详细规划的，可通过协议出让方式确定改造主体。经批准自行改造的“三旧”改造项目，工程未竣工验收前不得转让。1.在旧村庄改造中，原农村集体建设用地原则上应先征为国有土地。经报省政府批准征为国有土地的旧村，原村集体经济组织可申请自行改造，按标准缴纳土地出让金。经批准保留集体建设用地的，改造后可用于建设村民住宅、村集体物业和村集体公共设施，不得用于商品住宅建设。农村集体经济组织可成立项目公司开展旧村改造。村集体成立的公司需引入社会资金合作开发的，合作主体的选择、合作方式、出资比例、利益分配等内容必须召开村民大会或村民代表大会通过。规划片区范围混含旧村庄、旧厂房、旧城镇的，如为改造需要实施征地前农村集体建设用地面积占规划片区总面积70%以上的，应视为旧村庄改造。村集体申请时须提交已与规划范围内不属本集体经济组织的土地权属人达成补偿或收购的协议。2.“三旧”改造专项规划内某一改造片区全范围内土地属单一土地使用者的，可由原土地使用者经申请批准，按标准缴交土地出让金后，自行组织实施改造。3.市场主体完成收购改造片区范围内全部多宗土地，按原用途完成过户手续后，形成改造片区全范围土地权属单一土地使用者的（不含道路、公共绿地等公共设施地块），可申请按标准缴交土地出让金后自行改造。（四）不符合上述第（三）点情况的项目，采取公开出让方式确定改造主体。五、“三旧”改造方案的编制和审批（一）申请自行改造的，申请人应提交自行编制的“三旧”改造方案，并阐明符合自行改造条件的理由。采用公开方式确定改造主体的，由区“三旧”办组织编制“三旧”改造方案。（二）“三旧”改造方案编制的主要内容。1.改造地块的基本情况。具体应包括土地位置、面积、土地权属情况、土地使用方式、房屋产权情况、临时建筑物或构筑物的面积及是否存在抵押、查封等情况。包括改造地块是否符合土地利用总体规划和城乡规划，是否已纳入市“三旧”改造规划和年度实施计划，是否已编制控制性详细规划。2.规划情况。3.土地利用现状情况。包括该地块现用途情况，使用情况（属于不同用途的，分别列出用途、面积及使用单位）。现有建筑面积、容积率、年产值等情况。包括地块中需完善征收手续的土地的征地补偿情况、被征地农民的意见、违法用地处罚情况、或自行改造主体与土地原权属人达成的补偿或收购协议情况。4.协议补偿情况。5.土地拟改造情况。包括供地方式、改造后的土地用途（具体的用途和产业）、地块改造的规划建设要求、重置建设成本、预计年产值（或改造后的综合效益情况）等情况。（三）“三旧”改造方案的审批。蓬江、江海区范围内的改造项目，“三旧”改造方案经区“三旧”办审核后，报市“三旧”办审批。新会区范围内的改造项目，由新会区“三旧”办审批。（四）“三旧”改造方案审批的主要内容。1．国土资源部门：是否符合土地利用总体规划；土地利用现状情况；权属情况；供地方式；历史用地问题的处理；土地置换等问题。(cid:0)2．城乡规划部门：是否符合城乡规划；使用功能、容积率、密度等是否符合控制性详细规划的要求；是否在“三旧”改造专项规划范围内。3．住房城乡建设部门：核实上盖物权属，审核房屋拆迁补偿成本等。4．环保部门：是否符合环保要求。5．文广新部门：提出文物保护要求。6．发改部门：提出产业政策方面意见。7．城市综合管理部门：提出地块周边配套设施意见。8．其他部门根据职能提出相应意见。市“三旧”办综合各职能部门意见后，对“三旧”改造方案提出审批意见。六、“三旧”改造项目的拆迁补偿和安置（一）自行改造项目。经批准由改造主体自行改造的“三旧”改造项目，按本意见第七点确定的标准缴纳地价后，拆迁补偿和安置费用按经批准的“三旧”改造方案确定的预算由财政部门在土地出让收益中支付给改造主体。拆迁补偿和安置费用预算大于应补地价或自行拆迁安置实际费用超出批准的预算的，超出部分由改造主体负担。自行改造项目的拆迁成本预算按照以下方式确定：旧村庄部分按“需拆除的商业、住宅房屋面积×改造后用途的基准地价+重置相应面积所需建设成本”计算。应面积所需建设成本”计算。旧城镇部分按“需拆除的商业、住宅房屋面积×评估的改造后的楼面地价+重置相旧厂区部分按“厂区工业用地价格+厂区建筑物重置建设成本×折旧率”计算。其中厂区工业用地属划拨土地的，按工业用地划拨土地权益确定（附件1）；属出让土地的，按地段工业用地基准地价进行年期修正后确定。改造范围内的临时建筑物、构筑物，按评估价由“三旧”办确定补偿额。计算拆迁成本所需的土地面积、划拨土地权益价，由国土资源部门核定；房屋和临时建筑物、构筑物面积以及重置建设成本、折旧率，由住房城乡建设部门核定。（二）公开出让项目。1．公开出让的“三旧”改造项目，拆迁补偿和安置后形成净地再出让。拆迁补偿安置工作由区“三旧”办或区成立的拆迁公司负责，所需费用由区垫支。区为拆迁补偿和安置支付的费用，以及相应的利息（按银行一年贷款利率计算），在地块出让后由市财政部门在地块的土地出让收益中支付给区，同时按拆迁补偿安置费用总额的2%计提给区“三旧”办作工作经费。2．旧城镇、旧村庄更新改造范围内的住宅房屋，被拆迁人可以选择货币补偿、本区域就近安置和跨区域异地安置三种补偿方式。货币补偿、本区域就近安置和跨区域异地安置的补偿安置标准由市“三旧”办另行研究确定。更新改造范围内的住宅房屋的拆迁补偿安置，以被拆迁房屋的市场评估价为基础，增加一定的改造奖励和搬迁奖励。对改造范围内的旧厂区的补偿，原土地使用权人在签订拆迁安置补偿协议时可选择以下两种方式中的一种计算补偿：方式一：先对厂区上盖补偿，厂区土地的补偿在土地出让后按（土地成交总额×厂区土地面积/改造范围面积-上盖补偿）×40%计算支付。方式二：上盖和土地均暂不补偿，土地出让后，按土地成交总额×厂区土地面积/改造范围面积×60%计算支付。其中厂区土地面积为旧厂国有土地使用权证登记的建设用地面积（登记后用地范围有调整、未办理变更登记的，以调整后的面积为准），改造范围面积为该旧厂项目所属的“三旧”改造专项规划片区范围内的建设用地面积。七、“三旧”改造项目土地出让价格的确定（一）自行改造项目土地出让价格的确定自行改造的旧村庄项目，土地出让价按地块所在区段的基准地价修正后计算，由市或新会区政府按照省政府《关于建立土地管理共同责任制度的通知》（粤府〔2008〕100号）规定，建立建设用地审批（审核）会审制度集体决策确定。基准地价标准及修正计算办法按照现行基准地价有关规定执行（附件2）。自行改造的旧城镇、旧厂房项目，土地出让价应在评估价的基础上，由市或新会区政府按照省政府规定的土地审批制度集体决策确定。（二）公开出让项目土地出让底价的确定。出让底价应在确定规划建设条件的前提下，通过评估机构评估净地出让价格后，按照省政府规定的土地审批制度集体决策确定。出让底价不能低于各项成本之和。评估价是指假定改造范围是平整、无上盖物的土地，在“三旧”改造规划方案确定的各项建设指标条件下，参照市场价格和基准地价，由评估机构评估的新规划下的土地总价（单价用楼面地价表示）。八、供地经批准的“三旧”改造方案，交国土资源部门制定供地方案。供地方案按照市区土地管理委员会2008年11月25日召开的会议议定的审议程序（《纪要》0802号）审核，市政府批准后，按程序供地。新会区的供地方案，市政府委托新会区政府审批。属协议出让土地的，出让前要按规定公示。九、“三旧”改造支持政策（一）财政方面。旧村庄改造的，土地出让纯收益的60%由市财政或新会区财政支出专项用于支持原农村集体经济发展，旧村庄改造土地出让纯收益剩余的40%和旧城镇改造土地出让纯收益，由财政扣除必要的支出和计提后，全部留给区政府。区留成部分应设立专帐核算，用于市政基础设施建设和维护。土地出让纯收益是土地出让收入扣除土地成本（包括集体建设用地征收为国有建设用地所需的一切费用、拆迁安置费用、收回国有土地成本等）及应上缴国家和省的有关税费后剩余的土地收益。（二）规划方面。1．按照城市规划要求，符合消防、抗震安全、城市道路等有关规定，在满足功能配套需要的前提下，对为社会公众提供开放空间的项目，可按有关规定适当提高建筑容积率，因地制宜地制定规划指标。2．对现有工业用地改造后不改变原用途的，在符合规划和现行国家规范前提下，综合考虑不同地块的环境状况、历史人文和物业特点，鼓励适度提高工业用地建筑容积率。提高容积率的，不再增缴土地出让金。3．符合规划，旧厂房原有建筑质量好、规划可以改为商业、办公等建筑使用的，可保留原有建筑物，按有关规定补交土地出让金后办理变更土地性质和建筑物使用性质手续。（三）土地方面。1．纳入“三旧”改造专项规划改造范围，符合土地利用总体规划且已使用、但没有办理合法用地手续的建设用地，按以下情况分别处理：（1）用地行为发生在1987年1月1日以前的。由市国土资源部门出具符合土地利用总体规划的审核意见书，依照原国家土地管理局1995年3月11日发布的《确定土地所有权和土地使用权的若干规定》进行确权，办理国有建设用地确权登记手续。（2）用地行为发生在1987年1月1日至2007年6月30日之间的，已对农村集体经济组织签订补偿协议且作了补偿，没有因征地补偿安置等问题引发纠纷，迄今被征地农民无不同意见的，可按用地发生时的土地管理法律政策落实处理（处罚）后按土地现状办理征收手续，向省以上人民政府申请补办征地手续。用地行为发生时法律和政策没有要求听证、办理社保审核和留用地安排的，在提供有关历史用地协议或被征地农村集体同意的前提下，不再要求举行听证、办理社保审核和留用地安排。（3）没有合法用地手续，符合土地利用总体规划而又保留为集体性质的土地，参照上述条款进行确权登记或向省政府申请补办农地转用手续。2．在“三旧”改造中规划边沿地带，单块面积小于3亩，累计面积不超过改造项目用地面积10％的零碎地块，如为集体土地，需向省政府申请办理农地转用或土地征收手续，在提供有关证明材料的前提下，可不再举行听证、办理社保审核和安排留用地。其他方面按现行征转用手续程序办理。上述有关完善历史用地手续的规定执行至2012年底，各地应争取尽早报批。（四）建设方面。1．旧村庄自行改造项目，在原地块内建设安置住房时，可按原拆除合法住宅对等面积免收城市基础设施配套费（不包括拆除的临建、违建面积）。旧厂房改造项目，在异地兴建厂房的，可按原拆除合法厂房对等面积免收城市基础设施配套费。2．“三旧”改造区域涉及的基础设施建设项目优先列入城市建设年度计划。3．对纳入“三旧”改造拆迁范围的历史建设遗留问题，遵循“尊重历史、兼顾现实”的原则，按照有关政策和规定给予补办手续。确实不能补办手续的，房屋拆迁时要妥善解决住户的居住问题。(cid:0)4．对“三旧”改造范围内已按照有关政策补办相关手续的历史遗留问题，兴建单位或个人申请房屋登记的，可给予办理。5．对纳入“三旧”改造范围的国有土地房屋拆迁，优先安排拆迁指标，加快办理房屋拆迁许可手续。（五）产业发展方面。资相关优惠政策。（六）税收方面。搬迁、引入的项目符合市、区重点扶持发展的行业，可享受项目落户地招商引1．旧厂房改造涉及企业搬迁、土地征用等发生的财产损失，根据国家税务总局《关于印发<企业资产损失税前扣除管理办法>的通知》（国税发〔2009〕88号）的有关规定，报经县（区）主管税务机关审批后，在申报企业所得税时扣除。2．对被拆迁人按照国家有关城市房屋拆迁管理办法规定的标准取得的房屋拆迁补偿款，经主管税务机关核实后，依法免征个人所得税；凡县级以上人民政府批准，国土资源部门及有关房地产管理部门发出公告，限期拆（搬）的地（路）段的，被拆迁户取得的拆迁补偿收入（包括货币、货物或其他经济利益）经主管税务机关核实后，暂不征收营业税及城市维护建设税、教育费附加。属于房屋拆迁补偿的，可按政策规定申请减免契税。十、加强组织领导和检查监督市、区“三旧”办要加强三旧改造工作的组织领导，各相关职能部门要主动服务、优化程序，配合各区“三旧”办做好相应工作，对涉及三旧改造项目的审批事项，应当采取提前介入、并联审批等方式加快办理。监察部门对“三旧”办、相关职能部门履行职责情况以及“三旧”改造开展情况进行监督检查。凡是弄虚作假，擅自将不符合“三旧”改造范围的用地纳入改造范围或不按“三旧”改造报批程序进行报批的，由监察部门依照有关规定严肃查处。十一、此前市政府出台的旧城镇、旧村庄、旧厂房改造政策与本意见不一致的，以本意见为准。十二、本意见自颁布之日起实施。十三、本意见由市“三旧”办负责解释。 附件：1.江门市区工业用地划拨土地权益价标准2.江门市区旧村庄改造中基准地价标准及其修正系数表附件1附件2        江门市区工业用地划拨土地权益价标准级别一级二级三级划拨权益价格（元/m2）235205180注：1.表中金额为单位面积地价；2.根据《关于调整江门市区国有土地使用权基准地价的通知》（江府〔2008〕53号）及《江门市市区城镇国有土地基准地价更新及建立地价动态监测系统技术报告》，蓬江、江海两区二级工业用地划拨权益价为201元/m2，新会区二级工业用地划拨权益价为205元/m2，现根据地价变动情况，市区二级工业用地划拨权益价统一为205元/m2。江门市区旧村庄改造中基准地价标准及其修正系数表根据《关于调整江门市区国有土地使用权基准地价的通知》（江府〔2008〕53）制定旧村庄改造中基准地价标准如下：一、旧村庄改造后为商业用途对应的各区段基准地价标准级别一级二级区段编号A1A2B1区段价(元/建筑m2)447838713543级别区段编号区段价(元/建筑m2)B2B3B4C1C2C3C4C5C6C7C8C9C10C11C12C13C14D1D2D3D4D5D6D7D8D9D10三级          四级四级  316027402590219420691790174615511541150814521430142913021263120310061288117911401137112010771065105710111004级别区段编号区段价(元/建筑m2)D11D12D13D14D15D16D17D18D19D20D21D22D23D24D25D26D27D28D29E1E2E3E4E5E6E7E8          五级999988959908884845787748650627609587573567558527508496481892713708655650626570509区段编号区段价(元/建筑m2) 级别   五级  E9E10E11E12E13E14E15E16E17E18E19485464443427410409400399399396390注：区段编号中首写字母为级别标识符（A、B、C、D、E分别代表一、二、三、四、五级），其后数字为同一级别不同区段编号。商业用地容积率修正系数表容积率≤0.50.60.81.01.21.41.5修正系数 1.00000 1.24869 1.10188 1.00000 0.92379 0.86391 0.83838容积率1.61.82.02.22.42.6≥2.7修正系数 0.81518 0.77448 0.73981 0.70977 0.68342 0.66005 0.42080注：1.当宗地容积率在上述容积率之间时，容积率修正系数采取线性内插求取。2.商业容积率是商业建筑面积和建设用地面积的比值。3.在商业容积率小于0.5的时候，一般为商住混合用地，商业一般分布为首层，此时不做容积率修正，即修正系数为1。4.在容积率大于0.5的时候，主要是针对纯商业用地，利用率越高即容积率越高修正系数  越小。 二、旧村庄改造后为住宅用途对应的各区段基准地价标准级别级别区段编号区段编号区段价区段价（元/建筑m2）（元/建筑m2）一级二级  三级A1A2A3B1B2B3B4B5B6B7B8B9C1C2C3C4C5C6C7C8C9C10C11C12C13C14C15856820703671607606596586582553514512508504439431420417410405405403399396393381382级别区段编号区段价（元/建筑m2）C16C17C18D1D2D3D4D5D6D7D8D9D10D11D12D13D14D15D16D17D18D19D20D21D22D23D24                      四级四级378371349367349339332325325317311308306305301294282281275275247232222220210202196级别区段编号区段价（元/建筑m2） 五级E1E2E3E4E5E6E7E8E9E10E11E12E13E14E15E16E17E18E19297269259240240237224223220216211180176180166159159153148       注：1.区段编号中首写字母为级别标识符（A、B、C、D、E分别代表一、二、三、四、五级），其后数字为同一级别不同区段编号。    2.表中金额为平均楼面地价。居住用地容积率修正系数表容积率≤1.01.21.41.61.82.02.2修正系数 1.31951.22671.15331.09341.04301.00000.9626容积率2.42.62.83.03.23.43.6修正系数 0.92970.90040.87410.85030.82860.80880.7905容积率3.84.04.24.44.64.8≥5.0修正系数 0.77360.75790.74320.72950.71670.70460.6931注：当宗地容积率在上述容积率之间时，容积率修正系数采取线性内插求取。用途基准地价内涵用途评估基准日使用年限容积率价格表现形式商业用地2008年10月1日40年1.0首层楼面地价路线价（首层楼面）    90住宅用地2008年10月1日工业用地2008年10月1日70年50年2.01.0平均楼面地价单位面积地价三、旧村庄改造后为商住用途的容积率修正办法根据规划设计条件，分别用商业和住宅的建筑面积除以建设用地面积，得出商业和住宅各自的容积率，再分别按两者的容积率修正系数进行修正后，计算出各用途楼面价或综合楼面价。   发表评论与建议发 表,市,2010江门市区“三旧”改造实施意见（试行）,2010
江门,    关于印发江门市推进旧城镇旧厂房旧村庄改造的指导意见的通知江府〔2010〕1号各市、区人民政府，市直有关单位：《江门市推进旧城镇旧厂房旧村庄改造的指导意见》业经市政府十三届六十一次常务会议审议通过，现印发给你们，请认真贯彻执行。江门市人民政府二○一○年一月十二日江门市推进旧城镇旧厂房旧村庄改造的指导意见为深入贯彻落实科学发展观和《珠江三角洲地区改革发展规划纲要（2008－2020年）》，切实推进我市旧城镇、旧厂房、旧村庄（以下简称“三旧”）改造工作，进一步提升我市经济社会发展的承载能力和综合竞争力，加快建设珠三角生态型宜居典范城市，根据省政府《关于推进“三旧”改造促进节约集约用地的若干意见》（粤府〔2009〕78号）有关精神，结合我市实际，提出如下意见：一、充分认识、深刻领会“三旧”改造工作的重要性和紧迫性（一）推进“三旧”改造是省委、省政府的重大决策。为推动经济社会可持续发展，省委、省政府作出了省部合作建设节约集约用地试点示范省的重大战略决策，“三旧”改造作为其中一项重要内容，中共中央政治局委员、省委书记汪洋作出重要批示，省政府出台了粤府〔2009〕78号文件，对处置历史用地遗留问题、按土地现状办理用地手续、按不同方式供地等涉及“三旧”改造的核心问题进行了改革创新，充分显示了省委、省政府对“三旧”改造的决心和信心，也显示了“三旧”改造的政策性、时效性强，时间紧、任务重。为此，各级、各部门必须高度重视，周密部署，积极探索，扎实推进，务求尽快取得成效。（二）推进“三旧”改造是节约集约用地，保障科学发展的迫切需要。土地资源是经济社会可持续发展的战略基础和根本保障。改革开放以来，我市经济社会发展取得了巨大成就，但同时也消耗了大量的土地资源，要保持经济社会又好又快发展的势头，粗放的土地利用方式已难以为继，“三旧”改造是我市在土地资源供需矛盾日益突出的情况下，拓展建设空间、保障发展用地的重要途径。（三）推进“三旧”改造是建设宜居城乡，提高市民生活质量的迫切需要。随着我市城市化步伐的加快推进，市民对居住条件和生活环境提出了越来越高的要求，旧城镇、旧厂房、旧村庄不仅影响城乡景观和道路交通，而且影响城乡居民居住条件和生活环境的改善，严重制约我市生态型宜居典范城市建设和市民生活质量的提高。立足土地资源市情，大力推进“三旧”改造正是破解这一难题的最有效途径。（四）推进“三旧”改造是完善历史用地手续，构建和谐江门的迫切需要。土地权属纠纷历来是人民内部矛盾的一个重要方面，也是影响社会和谐的一个重要因素。“三旧”改造为我们提供了一个完善历史用地手续、明晰土地产权、解决群众纠纷的难得机遇。只有抓住这一机遇，大力推进“三旧”改造，才能全面彻底解决“三旧”土地历史遗留问题，切实保障土地权利人合法权益，为加快和谐社会建设赢得时间。二、推进“三旧”改造的基本原则和目标任务（一）基本原则。1．政府引导、市场运作。按照“政府引导、市场运作、政策推动、属地实施”的工作思路，充分调动政府、集体、土地原使用权人及相关权利人的积极性，吸引社会各方广泛参与。政府统一组织，制定专门政策，负责规划的制定以及土地的出让。2．统筹规划、因地制宜。坚持规划先行，实行严格的规划控制。在土地利用总体规划和城市总体规划的引领下，对列入“三旧”改造范围的建设用地，实行统一、科学、全方位的立体规划，编制控制性详细规划和改造方案。通过实施“三旧”改造，加强产业集聚发展，加强历史文化保护，提升城市品位，改善居民生活环境质量。“三旧”改造要从各地实际出发，实行差别化发展，促进区域特色的形成。高水平建设一批先进制造业和现代服务业项目，成为城市改造的新亮点。3．尊重历史、明晰产权。既要做好与国家法律政策的衔接，防止发生新的违法违规用地行为，又要兼顾各地发展历史和土地管理政策的延续性，妥善解决历史遗留问题。改造利用与完善手续相挂钩，属于“三旧”改造的房屋和土地，未经确权、登记，不得改造。4．互利共惠、让利于民。坚持以人为本，以群众是否满意作为“三旧”改造是否成功的重要标准，努力实现多方共赢、民赢优先。各级政府和相关部门要兼顾被改造方和用地者等各方利益，既要督促完善征地拆迁补偿机制，又要督促“三旧”改造的用地者依照法律法规，按照尊重历史、有利于改造的原则，对被拆迁人给予补偿安置，让广大群众从“三旧”改造中分享发展成果，保护各方推进“三旧”改造的积极性。（二）目标任务。2010年启动“三旧”改造工作。用3年时间完善“三旧”改造中涉及的各类历史用地手续工作。到2012年基本完成城市核心区内群众投诉多、卫生环境差、基础设施不完备、影响城市景观的“三旧”改造项目。1．近期改造目标。2．中远期改造目标。用5至8年左右时间完成旧城镇、旧厂房、旧村庄改造。到2018年，我市城镇的道路交通和城市景观有明显改变，第三产业发展有更大空间，市民居住条件和生活环境有明显改善，改造区域内无危破房屋；全面完成旧厂房改造，使其成为功能配套完善的现代化工业、商贸新城，成为产业优化升级的重要载体以及城市延伸发展的重要组成部分；把旧村庄改造成为功能配套、祥和安康的生活公寓，成为承接城市延伸、构建宜居典范城市的重要组成部分，成为资源集聚、产业发展的重要平台，成为环境优美、绿色环保的生态家园。三、推进“三旧”改造的组织架构和实施步骤（一）组织机构。成立江门市推进“三旧”改造工作领导小组，对全市“三旧”改造工作进行统一协调、指导、服务和监督。市政府主要领导任组长，分管副市长任副组长，各市、区政府和市直有关部门为成员单位。领导小组下设办公室，主任由分管副秘书长兼任，办公室设在市府办公室，人员从各相关单位抽调，负责日常具体工作。（二）工作职责。1．“三旧”改造工作领导小组主要职责：领导、部署全市“三旧”改造工作，审核全市“三旧”改造政策和总体规划，审批市区“三旧”改造方案和年度实施计划，协调“三旧”改造工作中遇到的重大问题，检查监督“三旧”改造的实施。2．“三旧”改造工作领导小组办公室（以下简称“三旧”办）主要职责：审核上报全市“三旧”改造专项规划，制定市区年度“三旧”改造工作计划并组织实施市区“三旧”改造，组织制订全市“三旧”改造的有关政策措施，指导协调各市、区政府和市直各部门按职能分工开展“三旧”改造工作，协调解决工作过程中的有关问题，定期向领导小组报告全市“三旧”改造工作进展情况，组织实施市直国有、集体企业旧厂房改造项目。3．“三旧”改造工作领导小组成员单位主要职责：国土资源部门负责组织项目用地评估，负责土地确权、登记，组织国有建设用地使用权公开招标、拍卖、挂牌交易等工作，办理“三旧”改造有关农用地转用、征收土地等用地手续。规划部门负责指导、组织编制和审查“三旧”改造专项规划和近期改造片区的详细规划，界定“三旧”改造片区范围，提供项目的规划设计条件，控制“三旧”改造的容积率，同步规划改善旧区的交通、市政等基础设施，及时办理项目有关手续，会同有关职能部门做好规划实施的监督管理工作。住房城乡建设部门负责“三旧”改造具体项目的房屋拆迁管理，施工报建等“三旧”改造工程项目建设监管。其他各有关部门按照职责分工全力配合做好“三旧”改造有关工作。（三）实施主体。各市、区政府为推进“三旧”改造的第一责任主体，要相应成立“三旧”改造工作领导小组，统筹本地区的“三旧”改造工作，落实工作经费。市各有关部门要全力配合，组织对辖区内的“三旧”用地进行调查摸底，将每宗“三旧”用地在土地利用现状图和土地利用总体规划图上标注，并列表造册。编制辖区“三旧”改造专项规划和年度实施计划。编制及批准辖区“三旧”改造工作实施方案。组织实施辖区“三旧”改造工作，协调解决辖区内“三旧”改造工作过程中出现的问题。（四）实施步骤。从2010年1月起，开展“三旧”用地调查，组织编制“三旧”改造专项规划及年度实施计划和控制性详细规划。在制定“三旧”改造专项规划及年度实施计划的基础上，广泛宣传“三旧”改造的重要意义、相关法律法规和政策，让群众了解“三旧”改造为经济社会发展和市民生产生活等各方面带来的好处，吸引原土地使用者及投资者参与“三旧”改造。各市、区组织原土地使用者、村委会及投资者按照“三旧”改造专项规划及年度实施计划，在符合省“三旧”改造相关政策的前提下，制定“三旧”改造方案，报市“三旧”办审核后，报市“三旧”改造工作领导小组审批。各市、区根据经审批同意的改造方案按计划组织实施（已编制控制性详细规划的“三旧”改造地块，可先行组织实施），同步建设公共基础设施及文化、体育、卫生、社区等配套服务设施，按规定期限完成改造区域的配套项目。四、推进“三旧”改造的工作要求（一）严格依据相关政策开展“三旧”改造工作。三旧改造开发的土地，按粤府〔2009〕78号文件精神，在扣除地上建筑物补偿后的土地出让纯收益按不高于60％的比例，用于土地补偿，具体比例和操作意见在当地“三旧”改造实施意见中予以明确。市区（蓬江、江海、新会区）“三旧”改造实施意见由市“三旧”办制定，各市“三旧”改造实施意见由各市政府自行制定。（二）严格按照程序报批“三旧”改造计划。在认真细致开展“三旧”用地调查的基础上，科学组织编制“三旧”改造规划和年度实施计划。“三旧”改造规划由江门市人民政府批准实施，“三旧”改造年度实施计划由各市“三旧”改造工作领导小组批准实施，市区“三旧”改造年度实施计划由市“三旧”改造工作领导小组批准实施。“三旧”改造方案按《转发省国土资源厅关于“三旧”改造工作实施意见（试行）的通知》（粤府办〔2009〕122号）的程序和规范格式要求，包括改造地块的基本情况、规划情况、土地利用现状情况、协议补偿情况、土地拟改造情况、拟补办用地手续情况等内容。对“三旧”改造涉及的各类历史用地需完善用地手续的，由各市、区政府制订方案报市政府审批后，报省政府审批。完善“三旧”改造中涉及的各类历史用地手续工作在2012年前完成，之后不再办理。为争取时间，尽快完成补办手续，各市、区务必在2011年底前将资料上报到市，由市审核后报省审批。（三）2010年4月底前，各市政府根据本指导意见，制定本地“三旧”改造实施意见和实施方案。 发表评论与建议发 表,市,2010江门市推进旧城镇旧厂房旧村庄改造的指导意见,2010
江门,"    印发蓬江江海区“三旧”改造土地成本和财政支持政策兑付程序（试行）的通知江三旧办〔2010〕7号蓬江区、江海区“三旧”办，市有关单位：现将《蓬江、江海区“三旧”改造土地成本和财政支持政策兑付程序（试行）》印发给你们，请按照执行。江门市推进“三旧”改造工作领导小组办公室二〇一〇年十月二十九日蓬江、江海区“三旧”改造土地成本和财政支持政策兑付程序（试行）为积极推进实施市区旧城镇、旧厂房、旧村庄（以下简称“三旧”）改造工作，根据《江门市区“三旧”改造实施意见（试行）》，现就“三旧”改造土地成本和财政支持政策兑付的问题制定如下程序：一、“三旧”改造实施的相关政策（一）对改造范围内的旧厂区的补偿，原土地使用权人在签订拆迁安置补偿协议时可选择以下两种方式中的一种计算补偿：方式一：先对厂区上盖补偿，厂区土地的补偿在土地出让后按（土地成交总额×厂区土地面积／改造范围面积-上盖补偿）×40%计算支付。方式二：上盖和土地均暂不补偿，土地出让后，按土地成交总额×厂区土地面积／改造范围面积×60％计算支付。其中厂区土地面积为旧厂国有土地使用权证登记的建设用地面积（登记后用地范围有调整、未办理变更登记的，以调整后的面积为准），改造范围面积为该旧厂项目所属的“三旧”改造专项规划片区范围内的建设用地面积。（二）旧城镇、旧村庄更新改造范围内的住宅房屋，被拆迁人可以选择货币补偿、本区域就近安置和跨区域异地安置三种补偿方式。更新改造范围内的住宅房屋的拆迁补偿安置，以市住房城乡建设局核定重置成本为基础，增加一定的改造奖励和搬迁奖励。旧城镇、旧村庄更新改造后实现土地出让收入扣除土地成本后，如能实现土地出让纯收益的，其收益分配如下：旧村庄改造的，土地出让纯收益扣除必要的支出和计提后，60％专项用于支持原农村集体经济发展，40％用于市政基础设施建设和维护；旧城镇改造土地出让纯收益扣除必要的支出和计提后，全部留给区政府用于市政基础设施建设和维护，区留成部分应设立专帐核算。二、“三旧”改造财政支持政策兑付的程序（一）编制“三旧”改造年度土地出让收支预算。土地出让收入是属于政府性基金，根据《预算法》的规定，政府性基金必须编制政府性基金预算。每年年终前（约10月份）由各区政府（或区“三旧”办）根据该区“三旧”改造专项规划和年度实施计划制定下一年度的“三旧”改造的土地出让收入的收支计划报市“三旧”办，由市“三旧”办审核汇总后交市财政局，以便市财政局连同其他土地出让收入一起编制下一年度的土地出让收支预算，再汇总到政府性基金预算中。下一年度政府性基金预算经市政府审核并报经市人大批准后执行。（二）扣除必要的支出和计提方法。土地出让纯收益的计算。土地出让纯收益是土地出让收入扣除土地成本（经区“三旧”办审核后报区政府批准的该“三旧”改造土地成本，包括集体建设用地征收为国有建设用地所需的一切费用、拆迁安置费用、收回国有土地成本、被征地农民养老保障金等）及应上缴国家和省的有关税费后剩余的土地收益。关于扣除必要的支出和计提方法。根据政策，目前需由市本级从土地出让收入中扣除必要的支出有两项，具体计提如下：1．农业土地开发资金。根据省财政厅、省国土资源厅联合下发的（（关于印发广东省用于农业土地开发的土地出让金收入和使用管理办法的通知》（粤财综〔2004〕186号）规定，从2004年1月1日起，我省从各市、县（市、区）土地出让金平均纯收益中划出20%用于农业土地开发。按照文件规定的标准，市本级（含蓬江、江海区）农业土地开发资金计提标准为13元／平方米；每亩为8,667元。2．廉租住房保障资金。根据政策，廉租住房保障资金需按不低于土地出让净收益10％比例安排。为简化操作，按土地出让收入扣除土地成本（经区“三旧”办审核后报区政府批准的该“三旧”改造土地成本）后剩余的土地收益的10％计提。（三）旧城镇、旧村庄改造财政支持政策的资金拨付。1．在实现土地出让收入入库，并已纳入“三旧”改造年度的土地出让收支预算的项目，由所在区政府（或区“三旧”办）向市财政局提出支付土地成本和补助资金的申请（附区“三旧”办申请文件、区政府批准的该“三旧”改造土地成本的批件和土地出让收入入库凭证），市财政扣除农业土地开发资金后，在5个工作日内支付相关的“三旧”改造土地成本和补助资金到区政府指定的财政局专户。2．所在区政府（或区“三旧”办）收到款项后，核实并支付相关的“三旧”改造土地成本（计提的被征地农民养老保障资金存入当地财政专户），计算土地出让纯收益，并按土地出让纯收益10％计提廉租住房保障资金（计提的廉租住房保障资金划到市财政局指定的帐户）。支付相关的“三旧”改造土地成本和计提的廉租住房保障资金后收益分配如下：旧村庄改造的，60％专项用于支持原农村集体经济发展，40％用于市政基础设施建设和维护；旧城镇改造的，全部留给区政府用于市政基础设施建设和维护，区留成部分区财政应设立专帐核算。（四）旧厂房改造支持政策的资金拨付。由于我市旧厂房改造支持政策正在由江门市国资委研究制定中，财政支持政策的资金拨付程序待我市旧厂房改造支持政策制定后再另行制定。（五）监督和检查。市区“三旧”改造是市委、市政府一项重要经济工程、环境工程和民生工程，是进一步提高我市的城市品位和综合竞争力，扩大内需、建设宜居城乡、加快转变经济发展方式、节约集约用地、提高市民生活质量的重要举措，所在区政府要高度重视和积极推进该项工作，必须按政策使用“三旧”改造土地成本补偿和补助资金，设立财政专户管理，并接受监察、审计和财政部门定期或不定期的专项检查监督。发表评论与建议发 表",区/县,2010蓬江、江海区“三旧”改造土地成本和财政支持政策兑付程序（试行）,2010
江门,      江门市城乡规划局关于“三旧”改造控制性详细规划编制问题的函江规函〔2011〕83号蓬江区政府、江海区政府：为规范涉及“三旧”改造地段的控制性详细规划的编制和批后修改工作，我局根据城乡规划法和住建部《城市、镇控制性详细规划编制审批办法》，并结合我市实际情况，制定了《关于“三旧”改造控制性详细规划编制问题的规划意见》（详见附件）。请你们转发给蓬江区、江海区“三旧”办、各镇政府及街道办事处，并督促他们执行。此函。附件：关于“三旧”改造控制性详细规划编制问题的规划意见江门市城乡规划局二○一一年五月十二日关于“三旧”改造控制性详细规划编制问题的规划意见近期，部分镇（街）、社区（村委会）为适应“三旧”改造工作要求，主动筹集经费委托规划设计单位编制控制性详细规划（以下简称控规）或编制修改方案，为规范控规编制与批后修改工作，根据城乡规划法和住建部《城市、镇控制性详细规划编制审批办法》，特制定本意见。一、关于控规编制与审批组织工作。控规编制（或批后修改）的组织与审批应符合以下程序：（一）需编制（或批后修改）控规的单位应向市城乡规划局报告情况，经市城乡规划局批准同意组织编制，并由市城乡规划局提出书面编制要求，召集委托单位和规划设计单位召开技术交底会。编制要求的主要内容为：1、划定编制范围；2、编制程序要求；3、上层次规划、专项规划的主要要求；4、公共设施与市政设施及公共绿地规划要求；5、土地使用强度等主要规划指标要求；6、规划成果格式要求。（二）对已批准的控规的修改需按住建部《城市、镇控制性详细规划编制审批办法》的要求，向市政府提出专题报告，经市政府同意后，方可组织编制修改方案。（三）签订规划编制合同并报市城乡规划局备案后，市城乡规划局发布编制公告。（四）市城乡规划局审查规划草案。（五）规划草案公示并征求相关部门意见。（六）召开专家评审会。（七）规划方案报城市规划委员会审议。（八）完善方案，形成规划成果，报城市人民政府批准。（九）城市人民政府批准后，应发布公告。（十）市城乡规划局根据批准后的规划成果建立规划档案，存档及备查。二、关于控规编制范围的划定。为了规范江门市区控规编制与批后修改管理工作，适应标准化、规范化和法制化的要求，控规编制范围的划定应符合《江门市区控制性详细规划编码管理规定》。由区、镇（街）、社区（村委会）委托编制（或批后修改）的控规范围须符合下列条件：（一）我市“三旧”改造规划确定的改造地块及周边一定范围；（二）非城市重点地段范围。城市重点地段是指（具体见附图）：1、历史文化街区。2、西江、蓬江沿岸地段。区。三、合同和资质管理。3、白水带、圭峰山、大西坑、席帽山、大雁山等风景区周边地段。4、蓬江岛、江海中心区、滨江新区启动区及核心区、规划部门确定的其它地（一）由区、镇（街）、社区（村委会）筹集资金编制控规（或控规修改方案），规划编制合同由区、镇、街与规划编制单位签订，合同签订后须提交一份原件交市城乡规划局备案。（二）由区、镇（街）、社区（村委会）筹集资金编制控规（或控规修改方案）的，须委托具备相应规划资质的单位编制，其单位资质和项目负责人的职称资质证书须提交市城乡规划局备案。编制控规的人员安排，须提交市城乡规划局审查。项目负责人须具备城市规划师职称或注册规划师资格。每次规划方案汇报须由项目负责人直接汇报规划方案。四、关于控规编制落实公共服务设施、市政设施、公共绿地和规划指标的协调工作。委托单位和设计单位应严格按照国家有关标准和技术规范、江门市城乡规划局提出的编制要求编制控规。控规方案中的公共服务设施、市政设施、公共绿地和规划指标由市城乡规划局和区政府及区“三旧”办共同负责协调在控规中落实。控规基本内容中的建设用地使用强度等各项规划指标应按《江门市“三旧”改造专项规划》的要求确定。容积率指标超过“三旧”改造规划一般要求的，须就“三旧”改造项目专门编制技术经济论证报告。 发表评论与建议发 表,市,2011江门市城乡规划局关于“三旧”改造控制性详细规划编制问题的函,2011
江门,      江门市人民政府办公室印发江门市区“三旧”改造项目土地出让价暂行标准的通知江府办〔2011〕2号蓬江区、江海区、新会区人民政府，市有关单位：  《江门市区“三旧”改造项目土地出让价暂行标准》业经市人民政府同意，现印发 给你们，请认真贯彻执行。江门市人民政府办公室二○一一年一月十一日江门市区“三旧”改造项目土地出让价暂行标准   为促进江门市区“三旧”改造项目土地出让价标准更加公开透明，方便改造主体进行成本核算，根据《关于印发江门市区“三旧”改造实施意见（试行）的通知》（江府〔2010〕3号）和《关于调整江门市区国有土地使用权基准地价的通知》（江府〔2008〕53号）的规定，特制定以下标准：   一、自行改造的旧村改造项目出让地价的确定  （一）旧村改造为经营性商住项目的。按规划可建商业建筑面积和住宅建筑面 积分别计算地价，两项地价之和为宗地出让价，即：  出让价=住宅楼面地价×住宅楼面地价容积率修正系数×规划可建住宅建筑面积＋ 商业楼面地价×商业楼面地价容积率修正系数×规划可建商业建筑面积  出让价缴入国库专户后，拆迁补偿、土地补偿等费用按江府〔2010〕3号文规定 的标准核定后在出让收益中支付。   各地价区段对应的商业和住宅楼面地价标准及容积率修正系数如下：表1  旧村庄改造项目商业楼面地价标准级别 区段编号 区段地价（元/建筑㎡） 级别区段编号 区段地价（元/建筑㎡）一级A14478四级D15884二级三级四级A2B1B2B3B4C1C2C3C4C5C6C7C8C9C10C11C12C13C14D1D2D3D4D5D6D7D8D9D10D11D12D13D1438713543316027402590219420691790174615511541150814521430142913021263120310061288117911401137112010771065105710111004999988959908四级五级D16D17D18D19D20D21D22D23D24D25D26D27D28D29E1E2E3E4E5E6E7E8E9E10E11E12E13E14E15E16E17E18E19845787748650627609587573567558527508496481892713708655650626570509485464443427410409400399399396390注：1.区段编号中首写字母为级别标识符（A、B、C、D、E分别代表一、二、三、四、五级），其后数字为同一级别不同区段编号。各地价区段范围见《关于调整江门市区国有土地使用权基准地价的通知》（江府〔2008〕53号）附图。   2.根据宗地不同商业的容积率，应对上表标准作出容积率修正。容积率修正系数如下：表2  商业楼面地价容积率修正系数表容积率≤0.50.60.81.01.21.41.5修正系数 1.000001.248691.101881.000000.923790.863910.83838容积率1.61.82.02.22.42.6≥2.7修正系数 0.815180.774480.739810.709770.683420.660050.42080注：1.当宗地容积率在上述容积率之间时，容积率修正系数采取线性内插求取。容积率V介于V1和V2之间，V1对应的系数为X1，V2对应的系数为X2，公式：X=X1＋（X2－X1）/（V2-V1）×（V－V1）。  2.商业容积率是规划可建商业建筑面积与宗地建设用地面积的比值。  表3  旧村庄改造项目住宅楼面地价标准级别 区段编号级别区段编号区段地价（元/建筑㎡）区段地价（元/建筑㎡）一级二级三级A1A2A3B1B2B3B4B5B6B7B8B9C1C2C3C4C5C6C7856820703671607606596586582553514512508504439431420417410D8D9D10D11D12D13D14D15D16D17D18D19D20D21D22D23D24E1E2四级五级311308306305301294282281275275247232222220210202196297269C8C9C10C11C12C13C14C15C16C17C18D1D2D3D4D5D6D7三级四级405405403399396393381382378371349367349339332325325317E3E4E5E6E7E8E9E10E11E12E13E14E15E16E17E18E19 五级 259240240237224223220216211180176180166159159153148 注：1.区段编号中首写字母为级别标识符（A、B、C、D、E分别代表一、二、三、四、五级），其后数字为同一级别不同区段编号。各地价区段范围见《关于调整江门市区国有土地使用权基准地价的通知》（江府〔2008〕53号）附图。  2.表中金额为平均楼面地价。    3.根据宗地不同的住宅容积率，应对上表标准作出容积率修正。容积率修正系数如下：表4  住宅楼面地价容积率修正系数表容积率 ≤1.01.21.41.61.82.02.2修正系数 1.3195 1.2267 1.1533 1.0934 1.0430 1.0000 0.9626容积率 2.42.62.83.03.23.43.6修正系数 0.9297 0.9004 0.8741 0.8503 0.8286 0.8088 0.7905容积率 3.84.04.24.44.64.8≥5.0修正系数 0.7736 0.7579 0.7432 0.7295 0.7167 0.7046 0.6931  注：1.当宗地容积率在上述容积率之间时，容积率修正系数采取线性内插求取。容积率V介于V1和V2之间，V1对 应的系数为X1，V2对应的系数为X2，公式：X=X1＋（X2－X1）/（V2-V1）×（V－V1）。   2.住宅容积率指规划可建住宅建筑面积与宗地建设用地面积的比值。   （二）旧村改造为商业、住宅以外的其他经营性用地项目，按照《关于调整江门市区国有土地使用权基准地价的通知》（江府〔2008〕53号）工业地价标准计收地价。核定的成本在土地收益中支付。   二、自行改造的旧城镇、旧厂房改造项目出让地价的确定  （一）旧城镇、旧厂房自行改造为经营性商住项目的，按规划可建商业建筑面 积和住宅建筑面积分别计算地价，两项地价之和为宗地出让价，即：  出让价=住宅楼面地价×住宅楼面地价容积率修正系数×规划可建住宅建筑面积＋ 商业楼面地价×商业楼面地价容积率修正系数×规划可建商业建筑面积  出让价缴入国库专户后，拆迁补偿、土地补偿等费用按江府〔2010〕3号文规定 的标准核定后在出让收益中支付。   各地价区段对应的楼面地价标准及容积率修正系数如下：表5  旧城镇、旧厂房改造项目商业楼面地价标准级别 区段编号级别 区段编号区段地价（元/建筑㎡）区段地价（元/建筑㎡）一级二级三级A1A2B1B2B3B4C1C2C3C4C5C6C7C8C9C10C11C12C136717580753154519411038853291295926852497232723122156217820452043186218061805四级D15D16D17D18D19D20D21D22D23D24D25D26D27D28D29E1E2E3E4三级五级1264113211258839307527317046888116706326105955771338955835773C14D1D2D3D4D5D6D7D8D9D10D11D12D13D14四级134815201769163017061322154012571586151713451499116613711071E5E6E7E8E9E10E11E12E13E14E15E16E17E18E19767739815611694664532512492491480479479475468注：1.区段编号中首写字母为级别标识符（A、B、C、D、E分别代表一、二、三、四、五级），其后数字为同一级别不同区段编号。各地价区段范围见《关于调整江门市区国有土地使用权基准地价的通知》（江府〔2008〕53号）附图。   2.根据宗地不同商业的容积率，应对上表标准作出容积率修正。容积率修正系数如下：表6  商业楼面地价容积率修正系数表容积率≤0.50.60.81.01.21.41.5修正系数 1.000001.248691.101881.000000.923790.863910.83838容积率1.61.82.02.22.42.6≥2.7修正系数 0.815180.774480.739810.709770.683420.660050.42080注：1.当宗地容积率在上述容积率之间时，容积率修正系数采取线性内插求取。容积率V介于V1和V2之间，V1对应的系数为X1，V2对应的系数为X2，公式：X=X1＋（X2－X1）/（V2-V1）×（V－V1）。  2.商业容积率是规划可建商业建筑面积与宗地建设用地面积的比值。  表7  旧城镇、旧厂房改造项目住宅楼面地价标准级别 区段编号级别区段编号区段地价（元/建筑㎡）1532146812581201四级D8D9D10D11区段地价（元/建筑㎡）538533370528A1A2A3B1一级二级B2B3B4B5B6B7B8B9C1C2C3C4C5C6C7C8C9C10C11C12C13C14C15C16C17C18D1D2D3D4D5D6D7三级四级10871085106710141042625581717909902786771727721709725701721714709680431432654519604635604586375455562548D12D13D14D15D16D17D18D19D20D21D22D23D24E1E2E3E4E5E6E7E8E9E10E11E12E13E14E15E16E17E18E19 五级 364509341486385333299281311266294244237359465313290415410253312249261255218213252201192192185179 注：1.区段编号中首写字母为级别标识符（A、B、C、D、E分别代表一、二、三、四、五级），其后数字为同一级别不同区段编号。各地价区段范围见《关于调整江门市区国有土地使用权基准地价的通知》（江府〔2008〕53号）附图。  2.表中金额为平均楼面地价。    3.根据宗地不同的住宅容积率，应对上表标准作出容积率修正。容积率修正系数如下：表8  住宅楼面地价容积率修正系数表容积率≤1.01.21.41.61.82.02.2修正系数 1.31951.22671.15331.09341.04301.00000.9626容积率2.42.62.83.03.23.43.6修正系数 0.92970.90040.87410.85030.82860.80880.7905容积率3.84.04.24.44.64.8≥5.0修正系数 0.77360.75790.74320.72950.71670.70460.6931注：1.当宗地容积率在上述容积率之间时，容积率修正系数采取线性内插求取。容积率V介于V1和V2之间，V1对应的系数为X1，V2对应的系数为X2，公式：X=X1＋（X2－X1）/（V2-V1）×（V－V1）。   2.住宅容积率指规划可建住宅建筑面积与宗地建设用地面积的比值。   （二）旧城镇、旧厂房自行改造为商业、住宅以外的其他经营性用地项目，按照《关于调整江门市区国有土地使用权基准地价的通知》（江府〔2008〕53号）工业地价标准计收地价。核定的成本在土地出让收益中支付。   三、公开出让土地的“三旧”改造项目出让价格的确定   公开出让土地的“三旧”改造项目，应根据规划建设条件，由评估机构进行评估，在评估的基础上按土地审批制度由集体决策确定出让底价，并通过公开出让程序最终确定成交价。土地出让底价应不低于各项成本之和。   四、不改变用途的旧厂改造项目土地出让价格的确定  旧厂改造不改变工业用地用途，只进行二产升级的，按以下两种情况确定出让 价：   （一）原划拨工业用地或原有历史用地完善征转用手续后，按地块所在区段工业用地基准地价标准减对应区段工业划拨土地权益价标准的差值作为补缴地价的标准。工业用地改造项目地价标准如下表：表9  工业用地改造项目地价标准级别一级二级基准地价级别出让价划拨权益价格（元/m2）（元/m2）449336蓬江区江海区235201补缴地价（元/m2）214135新会区336三级25220518013172  （二）原已出让的工业用地，改造中增加容积率的，不需增补地价。  发表评论与建议发 表,市,2011江门市区“三旧”改造项目土地出让价暂行标准,2011
江门,江门市推进“三旧”改造工作领导小组办公室关于“三旧”改造片区土地归宗的指导意见江三旧办〔2011〕4号  各市、区“三旧”办，市有关单位：根 据 《 关 于 印 发 江 门 市 区 “ 三 旧 ” 改 造 实 施 意 见 （ 试 行 ） 的 通 知 》 （ 江 府〔2010〕3号）的规定，“三旧”改造专项规划内某一改造片区全范围内土地需形成单一土地使用主体，方可组织实施改造。为合理解决规划片区范围内设计多个土地使用权人、难以统一改造主体问题，实现片区内土地整合归宗，按照江府〔2013〕3号文要求，根据江门市区土地整合现状的实际情况，结合上级有关土地管理，城市规划管理和国有（集体）资产管理的相关规定，现对片区“三旧”改造涉及土地归宗提出如下指导意见：一、收购的方式。以规划片区范围内的其中一个土地使用权人为主体，通过收购的方式，将范围内的所有地块过户到该使用权人的名下，形成单一的改造主体。二、合作的方式。规划片区范围内的所有土地使用权人达成共同开发协议，通过入股、并购等方式联合作为改造开发的主体。三、多单元及局部调整方式。根据一宗地多规划单元的原则，多主体按照整体规划要求各自实施开发改造。规划片区范围内的多个地块可根据规划设计要求，达成相互调地协议，以土地置换方式调整各自的权属界线，便于实施开发改造。片区在整体规划时要明确公共设施建设主体。四、公开出让方式。规划片区范围内的土地使用权全部由政府收回，完成拆迁补偿和安置后形成净地再作公开出让。对收回土地使用权人的补偿标准按江府〔2010〕3号等文件的规定计算支付。江门市推进“三旧”改造工作领导小组办公室二〇一一年八月三十一日发表评论与建议发 表,市,2011江门市推进“三旧”改造工作领导小组办公室关于“三旧”改造片区土地归宗的指导意见,2011
江门,     关于印发江门市蓬江、江海区“三旧”改造建筑物重置建设成本价的通知江三旧办〔2012〕7号蓬江区、江海区、新会区“三旧”办，市有关单位：现将江门市蓬江、江海区“三旧”改造建筑物重置建设成本价印发给你们，有效期为2012年1月1日至2013年12月31日。请蓬江区、江海区“三旧”办按照此重置成本价组织审核“三旧”改造拆迁补偿费用，审核结果报区政府批准。请新会区“三旧”办参照此重置建设成本价，结合辖区实际情况，制定重置建设成本价和“三旧”改造拆迁补偿审核程序。江门市推进“三旧”改造工作领导小组办公室二○一二年六月十九日江门市蓬江、江海区“三旧”改造住宅重置建设成本价本表按照现行的建设工程造价情况进行分析，共分以下两种情况作考虑：一、楼宇为“小高层”和“高层”（即约8～18层和18层以上）综合考虑，基底为“全地下室”的形式（即地下室完全在±0.00以下，山墙为混凝土墙）。小区内包含道路、绿化、围墙、小区安防智能化系统等等。序号一项 目 名 称项目前期费用1 可行性研究报告的编制2 环境评估报告约占单方造价（元/m2）备 注按工程造价的2‰（收费标准） 314   3场 地 勘 察 费 用 （ 包 括 钻 探 、 剪 切 波 测试、抽水试验）4 住宅规划方案、建筑方案、施工图设计30市场价5 建筑用水、电安装6 施工图审图费用7 变、配电设计费（高压）8 配电设计费用（低压）9 地形测、红线图、测绘费 二小计报建费用和其他费用1 防雷审图检测费2 建筑噪声、排污费3 易地人防建设费用4 城市建设配套费5 桩基础检测费6监理7 电视管线设计及施工费用8 确权办证税费小计工程建设费用招标代理、造价咨询、工程交易、施工 三341 土建工程造价（含半地下室、电梯）17002 小区道路、下水管道(含街管)小区绿化（包括小区景观、园路、鱼池及其设备）楼宇及小区消防（含消防水池、泵等设备）5 楼宇及小区生活给水1.531.50.53.548 7412085170.54.510302 1501508065             按建筑物基底面积计算（1000元/ m2）住 宅 68 元 /m2 ， 商 铺122 元 /m2 ， 车 库 122元/m2     按全部建筑面积进行摊分含小区道路、小区外人行道、下水管道6 楼宇及小区生活管道燃气7 小区配套后备发电机8 小区道路路灯工程、路灯移交费9 高层水加压移交费10 小区高压配电设备小区低压供电电缆和设备（电缆沟、配电房等）小区安防智能化系统（智能监控、IC卡系统以及设备）小计建设工程基本成本造价合计1112 四 序号一二、楼宇为“高层”（即约18层以上），基底为“全地下室”的形式（即地下室完全在±0.00以下，山墙为混凝土墙）。小区内包含道路、绿化、围墙、小区安防智能化系统等等。项 目 名 称项目前期费用约占单方造价（元/m2）备 注按工程造价的2‰（收费标准）4 住宅规划方案、建筑方案、施工图设计市场价1 可行性研究报告的编制2 环境评估报告场 地 勘 察 费 用 （ 包 括 钻 探 、 剪 切 波 测3试、抽水试验）5 建筑用水、电安装6 施工图审图费用7 变、配电设计费（高压）8配电设计费用（低压）  301054025152022902640 314351.53.51.50.5              9 地形测、红线图、测绘费 二小计报建费用和其他费用1 防雷审图检测费2 建筑噪声、排污费3 易地人防建设费用4 城市建设配套费5 桩基础检测费 三34招标代理、造价咨询、工程交易、施工6监理7 电视管线设计及施工费用8 确权办证税费小计工程建设费用2 小区道路、下水管道(含街管)小区绿化（包括小区景观、园路、鱼池及其设备）备）楼宇及小区消防（含消防水池、泵等设5 楼宇及小区生活给水6 楼宇及小区生活管道燃气7 小区配套后备发电机8 小区道路路灯工程、路灯移交费3.553.5 748085179.34.510270.8 1501501007040105            1 土建工程造价（含半地下室、电梯）1850按建筑物基底面积计算住 宅 68 元 /m2 ， 商 铺 122元/m2，车库122元/m2     按全部建筑面积进行摊分含小区道路、小区外人行道、下水管道9 高层水加压移交费10 小区高压配电设备小区低压供电电缆和设备（电缆沟、配小区安防智能化系统（智能监控、IC卡系统以及设备）电房等）1112  小计四 建设工程基本成本造价合计5030152524952820   考虑：一、多层厂房江门市蓬江、江海区“三旧”改造厂房重置建设成本价本表按照现行的建设工程（厂房）造价情况进行分析，共分以下两大类情况作（一）厂房的结构模式为“框架结构”（层高8层内）序号一项 目 名 称项目前期费用1 可行性研究报告的编制约占单方造价（元/m2）备 注按工程造价的2‰（收费标准）2 环境评估报告3抽水试验）场地勘察费用（包括钻探、剪切波测试、4 住宅规划方案、建筑方案、施工图设计市场价5 建筑用（临时）水、电安装6 施工图审图费用7 变、配电设计费（高压）8 配电设计费用（低压）             2.5 13.5161.51.61.50.59 地形测、红线图、测绘费小计报建费用和其他费用1 防雷审图检测费2 建筑噪声、排污费3 城市建设配套费4 桩基础检测费 二5 三招标代理、造价咨询、工程交易、施工监理小计工程建设费用1 土建工程造价（含吊车、重型厂房）2 厂区道路、下水管道3 厂区绿化（包括厂绿化、围墙等）厂 区 及 厂 房 消 防 （ 含 消 防 水 池 、 泵 等 设4备）5 厂区及厂房给水、街管排水6 厂区及厂房防雷安装工程7 厂区配套后备发电机8 厂区高压配电设备厂区低压供电电缆和设备（电缆沟、配电房等）9 四二、单层厂房小计建设工程基本成本造价合计             3.531.6 1255165.1124.1 1350120601005067201517281885（一）厂房的结构模式为“排架式、金字钢构、轻型厂房”按每栋楼1760元／月计算含厂区内道路、下水管道      序号一项 目 名 称项目前期费用1 可行性研究报告的编制约占单方造价（元/m2）备 注按工程造价的2‰（收费标准）2 环境评估报告3抽水试验）场地勘察费用（包括钻探、剪切波测试、4 住宅规划方案、建筑方案、施工图设计市场价             2.5 15.5161.51.61.50.555 121 3．533.655.5114.5按每栋楼1760元／月计算    5 建筑用（临时）水、电安装6 施工图审图费用7 变、配电设计费（高压）8 配电设计费用（低压）9 地形测、红线图、测绘费小计报建费用和其他费用1 防雷审图检测费2 建筑噪声、排污费3 城市建设配套费4 桩基础检测费 二5 三1招标代理、造价咨询、工程交易、施工监理小计工程建设费用土建工程造价（轻型厂房、无筋地坪）10502 厂区道路、下水管道150含厂区内道路、下水管道3 厂区绿化（包括厂绿化、围墙等）100厂 区 及 厂 房 消 防 （ 含 消 防 水 池 、 泵 等 设4备）5 厂区及厂房给水、街管排水6 厂区及厂房防雷安装工程7 厂区配套后备发电机8 厂区高压配电设备厂区低压供电电缆和设备（电缆沟、配电房等）小计建设工程基本成本造价合计    （二）厂房的结构模式为“排架式、金字钢构、重型厂房”项 目 名 称项目前期费用约占单方造价（元/m2）备 注1 可行性研究报告的编制2 环境评估报告3抽水试验）场地勘察费用（包括钻探、剪切波测试、4 住宅规划方案、建筑方案、施工图设计市场价按工程造价的2‰（收费标准）9 四序号一              80406102515147616252.5 15.5161.51.61.50.53．533.65 建筑用（临时）水、电安装6 施工图审图费用7 变、配电设计费（高压）8 配电设计费用（低压）9 地形测、红线图、测绘费 小计二报建费用和其他费用1 防雷审图检测费2 建筑噪声、排污费3 城市建设配套费4 桩基础检测费理5 三1小计工程建设费用招标代理、造价咨询、工程交易、施工监3 厂区绿化（包括厂绿化、围墙等）厂 区 及 厂 房 消 防 （ 含 消 防 水 池 、 泵 等 设4备）5 厂区及厂房给水、街管排水6 厂区及厂房防雷安装工程7 厂区配套后备发电机8 厂区高压配电设备 1255159118 15010080406102515土建工程造价（重型厂房、配筋地板）12002 厂区道路、下水管道含厂区内道路、下水管道厂区低压供电电缆和设备（电缆沟、配电房等）小计建设工程基本成本造价合计16261778（三）厂房的结构模式为“门式、金字钢构、轻型厂房、外围压型钢板”项 目 名 称备 注约占单方造价（元/m2）项目前期费用 9 四序号一按每栋楼1760元／月计算                  按工程造价的2‰（收费标准）1 可行性研究报告的编制2 环境评估报告3抽水试验）场地勘察费用（包括钻探、剪切波测试、4 住宅规划方案、建筑方案、施工图设计市场价5 建筑用（临时）水、电安装6 施工图审图费用1．62.515.5161.51.50.53.5 1255151.5110.5 9501501008040                小计33.6报建费用和其他费用7 变、配电设计费（高压）8 配电设计费用（低压）9 地形测、红线图、测绘费1 防雷审图检测费2 建筑噪声、排污费3 城市建设配套费4 桩基础检测费 二5 三招标代理、造价咨询、工程交易、施工监理 工程建设费用1 土建工程造价（轻型厂房、无筋地坪）3 厂区绿化（包括厂绿化、围墙等）厂 区 及 厂 房 消 防 （ 含 消 防 水 池 、 泵 等 设4备）5 厂区及厂房给水、街管排水按每栋楼1760元／月计算   2 厂区道路、下水管道含厂区内道路、下水管道6 厂区及厂房防雷安装工程7 厂区配套后备发电机8 厂区高压配电设备厂区低压供电电缆和设备（电缆沟、配电房等）小计建设工程基本成本造价合计9 四序号一  备 注（四）厂房的结构模式为“门式、金字钢构、重型厂房、外围压型钢板”项 目 名 称项目前期费用约占单方造价（元/m2）1 可行性研究报告的编制2 环境评估报告3场地勘察费用（包括钻探、剪切波测试、抽水试验）4 住宅规划方案、建筑方案、施工图设计市场价按工程造价的2‰（收费标准）5 建筑用（临时）水、电安装6 施工图审图费用7 变、配电设计费（高压）8 配电设计费用（低压）9 地形测、红线图、测绘费1 防雷审图检测费2 建筑噪声、排污费3 城市建设配套费4 桩基础检测费 二小计33.6报建费用和其他费用按每栋楼1760元／月计算6102515137615212.5 15.5161.51.61.50.53.5 12551                 1 土建工程造价（重型厂房、配筋地板）10002 厂区道路、下水管道含厂区内道路、下水管道招标代理、造价咨询、工程交易、施工监理小计工程建设费用3 厂区绿化（包括厂绿化、围墙等）4厂 区 及 厂 房 消 防 （ 含 消 防 水 池 、 泵 等 设备）5 厂区及厂房给水、街管排水6 厂区及厂房防雷安装工程7 厂区配套后备发电机8 厂区高压配电设备厂区低压供电电缆和设备（电缆沟、配电房等）小计建设工程基本成本造价合计5 三9 四53.9112.9 1501008040610251514261575              发表评论与建议发 表,区/县,2012关于印发江门市蓬江、江海区“三旧”改造建筑物重置建设成本价的通知,2012
江门,江门市“三旧”办关于确定“三旧”改造旧厂房重置建设成本折旧率流程的通知江三旧办〔2012〕9号蓬江区、江海区“三旧”办，市有关单位：根据《国有土地上房屋征收与补偿条例》规定，按照《关于印发江门市区“三旧”改造实施意见（试行）的通知》（江府〔2010〕3号）中对旧厂房重置建设成本计算折旧率的要求，经研究，采用通过委托有资质评估机构进行评估方式确定折旧率，现将具体流程确定如下：在委托有资质评估机构进行建筑物价值评估前，“三旧”改造主体要对计划进行评一、评估准备工作估的建筑物情况进行调查，明确评估对象。二、确定评估机构于5家），确定评估机构。三、开展评估工作由市住房城乡建设局与改造主体共同通过摇珠方式（候选有资质评估机构不少评估机构确定后，由市住房城乡建设局与改造主体作为委托人，向评估机构出具委托书，签订评估委托合同。评估委托书载明委托人名称、委托的评估机构名称、评估目的、评估对象范围、评估要求以及委托日期等内容，并要明确评估机构须依法依规，客观公正进行评估，否则应承担相关的法律责任。评估费用列入项目“三旧”改造成本。建筑物价值评估应当考虑该建筑物的区位、用途、建筑结构、权属情况、新旧程度、建筑面积以及占地面积、土地使用权等影响建筑物价值的因素。四、审核评估报告由市“三旧”办组织市住房城乡建设局、市监察局、市财政局、市国土资源局、市城乡规划局等部门对评估报告审核后，与改造主体共同确认评估报告，评估报告结果作为计算重置建筑物成本依据。  江门市推进“三旧”改造工作领导小组办公室2012年8月22日 发表评论与建议发 表,市,2012江门市“三旧”办关于确定“三旧”改造旧厂房重置建设成本折旧率流程的通知,2012
江门,江门市推进“三旧”改造工作领导小组办公室关于“三旧”改造完善历史用地手续简化工作流程加快办理报批的通知江三旧办〔2012〕4号 下：各市、区“三旧”办，市直有关单位：按照《关于推进“三旧”改造促进节约集约的若干意见》（粤府〔2009〕78号）和《转发省国土资源厅关于“三旧”改造工作实施意见（试行）的通知》（粤府办〔2009〕122号）的要求，全省“三旧”改造中涉及的完善各类历史用地手续工作须在2012年12月31日前完成，其中我市历史用地报批手续材料须在2012年8月31日前报市国土资源局。为加快办理我市“三旧”改造完善历史用地报批工作，现将有关工作流程通知如一、将《江门市区“三旧”改造项目认定申请表》和《江门市区“三旧”改造方案申请表》合并为《江门市区“三旧”改造项目认定及改造方案申请表》（附件1），该申请表只限用于完善历史用地报批工作。二、蓬江区、江海区“三旧”办将《江门市区“三旧”改造项目认定及改造方案申请表》报市“三旧”办审批时须附上“三旧”改造项目认定资料（附件2）和XX（项目名称）“三旧”改造方案（附件3）。经国土资源、规划、住房城乡建设等部门审查资料齐备的，市“三旧”办在5个工作日内完成审批。三、蓬江区、江海区政府将“三旧”改造用地完善征收手续材料（附件4）上报市政府，按照省国土资源厅《关于办理“三旧”改造涉及完善征收手续有关问题的通知》（粤国土资利用发〔2010〕218号）要求，资料齐备后，市政府组织国土资源、城乡规划、住房城乡建设、发展改革、财政、监察等部门在10个工作日内完成资料审查报省政府审批。四、新会区和各市政府、“三旧”办参照上述工作流程做好“三旧”改造完善历史用地报批工作。 附件：1.江门市区“三旧”改造项目认定及改造方案申请表2.“三旧”改造项目认定资料3.XX（项目名称）“三旧”改造方案4.“三旧”改造用地完善征收手续的材料5.(省国土资源厅《关于办理“三旧”改造涉及完善征收手续有关问题的通知》（粤国土资利用发〔2010〕218号）6.(市“三旧”办《关于做好“三旧”改造完善历史用地手续工作的通知》（江三旧办〔2012〕1号）江门市推进“三旧”改造工作领导小组办公室二○一二年三月十二日发表评论与建议  发 表,市,2012江门市推进“三旧”改造工作领导小组办公室关于“三旧”改造完善历史用地手续简化工作流程加快办理报批的通知,2012
江门,"     江门市推进“三旧”改造工作领导小组办公室转发省国土资源厅关于调整“三旧”改造涉及完善征收手续报批方式的通知江三旧办〔2012〕12号各市、区政府，市直有关单位：  经市人民政府同意，现将省国土资源厅《关于调整“三旧”改造涉及完善征收手续 报批方式的通知》（粤国土资利用发〔2012〕145号）转发给你们，并结合我市实际提出如下意见，请一并贯彻执行。   一、“三旧”改造用地完善征收手续材料实行并联审批。  二、各市、区政府将“三旧”改造完善历史用地手续材料上报市政府（一式二 份），同时抄送市国土资源局（一式三份）和市城乡规划局（一份）。   三、对材料齐全、符合要求的，市国土资源局、市城乡规划局应在5个工作日内出具书面审查意见送市府办公室，市府办公室在3个工作日内汇总意见后报市政府审定后报省政府审批。江门市推进“三旧”改造工作领导小组办公室2012年10月30日关于调整“三旧”改造涉及完善征收手续报批方式的通知粤国土资利用发〔2012〕145号各地级以上市人民政府，顺德区人民政府：为切实解决“三旧”改造项目报批耗时较长的问题，进一步完善“三旧”工作机制，加快推进我省“三旧”改造工作，经省人民政府同意，现对“三旧”改造涉及完善征收手续方案的报批方式调整如下：一、简化程序。纳入“三旧”改造范围,符合土地利用总体规划、城乡规划和“三旧”改造规划、没有合法用地手续且已于1987年1月1日之后、2007年6月30日之前实际使用的历史用地，在完善征收手续时由省国土资源厅、住房和城乡建设厅具体实施审核工作，省发展改革委、监察厅、财政厅不再作为省级审核部门。地级以上市人民政府在上报改造方案及相关材料时，主送省人民政府，同时抄送省国土资源厅（一式三份）和省住房和城乡建设厅（一份）。二、并联审批。省国土资源厅、住房和城乡建设厅按照经省人民政府同意下发的《关于办理“三旧”改造涉及完善征收手续有关问题的通知》（粤国土资利用发〔2010〕218号）规定的职能分工对地级以上市人民政府上报的“三旧”改造方案进行实质性审查。对材料齐全、符合要求的，省住房和城乡建设厅应在5个工作日内出具书面审查结论并送交省国土资源厅；对材料不全或者不符合城乡规划要求的，省住房和城乡建设厅应在5个工作日内作出退件处理，并将情况抄送省国土资源厅；省国土资源厅在2个工作日内汇总意见后上报省人民政府审批。广东省国土资源厅二〇一二年九月十九日发表评论与建议  发 表",市,2012江门市推进“三旧”改造工作领导小组办公室转发省国土资源厅关于调整“三旧”改造涉及完善征收手续报批方式的通知,2012
江门,江门市城乡规划局关于实行《关于“三旧”改造项目开发强度管理的意见（试行）》及《关于商业、办公用开发强度的规划管理意见（试行）》的通知江规函〔2013〕41号各部门及相关单位：为进一步加快我市城市经济发展，积极推进蓬江区、江海区“三旧”改造工作，我局制定了《关于“三旧”改造项目开发强度管理的意见（试行）》及《关于商业、办公用地开发强度的规划管理意见（试行）》，经市规划委员会审议通过，并报市政府研究同意，现予公布，自公布之日起执行。在实施过程中如有问题，请直接向市“三旧”办或我局反映。特此通知。附件：1、《关于“三旧”改造项目开发强度管理的意见（试行）》2、《关于商业、办公用地开发强度的规划管理意见（试行）》江门市城乡规划局二○一三年四月三日附件1：关于“三旧”改造项目开发强度管理的意见（试行稿）为加快推进我市蓬江、江海两区“三旧”改造工作，规范改造项目开发强度的确定，特对我市蓬江、江海两区“三旧”改造项目开发强度的管理提出如下意见。一、“三旧”改造项目所在的地段，已编制并核准控制性详细规划（以下简称控规）的，开发强度按该控规要求。       二、如所在地段未编制或未核准控规的，改造项目的开发强度应符合以下要求：表1：规划为居住用地（兼容不超过40%计容面积的商业建筑）的开发强度要求毛容积率改造类型（按土地证面积或改造范围面积核算）净容积率（按建设用地核算）商业建净容积建筑塔楼密筑比例率密度度备注20% ≤2.5 ≤30% ≤15%≤2.5≤3.01、在不增加净容积率的前提下，可根据实际情况在允许范围内适当调整商业、住2 、 净 容 积 率 超 过2.5的项目，建筑密度及塔楼密度须相应降30% ≤2.75 ≤30%宅比例。40% ≤3.0 ≤25%≤12%20% ≤2.5 ≤30% ≤15%30% ≤2.75 ≤25% ≤12%低。旧厂≤2.5≤2.75表2：规划为商业用地（商业办公建筑计容面积不低于50%）的开发强度要求改造类型毛容积率（ 按 土 地 证 面积 或 改 造 范 围面积核算）商业、办公建筑的计容面积占总计容面积比例（R）净容积率（按建设用地核算）（FAR）建筑密度塔楼密度（D）（TD）备注旧村、旧城、旧厂≤2.550%＜R≤60%≤3.0≤60%60%＜R≤70%≤3.5≤55%≤15% 根据商业、办公建筑的计容面积占总计容面积比例，≤15%按《关于商业、办70%＜R＜100%≤4.0≤50%≤12%公用地开发强度的规划管理意见（试R＝100%≤4.5≤50%≤12%行）》执行。三、超出上述开发强度指标的“三旧”改造项目，原则上不予受理改造申请。如属特殊个案（如市、区重点项目，或涉及民生工程有改造的迫切性，经市、区政府同意加快改造的项目），需提供所在区“三旧”办及相关部门意见，经报市“三旧”办同意，由市城乡规划局按有关程序报市规委会审议研究，方可确定改造的开发强度。旧村旧城    四、本意见经市规委会审议同意后实行，由市“三旧”办会同市城乡规划局负责解释。附件2：     1234关于商业、办公用地开发强度的规划管理意见（试行）为适应我市城市经济发展的要求，鼓励和促进主城区商业、办公项目的建设，做大做强服务业，提升中心城区公共服务集聚功能，特对商业办公用地开发强度提出如下规划管理意见。一、关于商业、办公项目的开发强度要求本意见的商业、办公项目是指独立开发的、建设用地规模不小于2公顷（即30亩），商业、办公建筑的计容面积占总计容面积比例超过50%的商业开发项目。商业、办公建筑的计容面积占总计容面积比例（R）与容积率（FAR）、建筑密度（D）、塔楼密度（TD）须符合以下要求：商业、办公建筑的计容面积占总计容面积比例（R）容积率建筑密度塔楼密度（FAR）（D）（TD）50%＜R≤60%60%＜R≤70%70%＜R＜100%R＝100%≤3.0≤3.5≤4.0≤4.5≤60%≤55%≤50%≤50%≤15%≤15%≤12%≤12%备注：塔楼密度是指塔楼平面建筑面积与建设用地面积的比值。二、超出本意见指标的项目，需由市城乡规划局按有关规定上报市规委会个案三、本意见经市规委会审议同意后实行，由市城乡规划局负责解释。研究方可确定。发表评论与建议发 表,市,2013江门市城乡规划局关于实行《关于“三旧”改造项目开发强度管理的意见（试行）》及《关于商业、办公用开发强度的规划管理意见（试行）》的通知,2013
江门,    江门市人民政府关于印发江门市区旧厂房升级改造扶持办法的通知江府〔2013〕24号蓬江区、高新区及江海区人民政府，市有关单位：《江门市区旧厂房升级改造扶持办法》业经市政府十四届三十三次常务会议审议通过，现印发给你们，请认真贯彻执行。江门市人民政府2013年10月1日 江门市区旧厂房升级改造扶持办法第一条  为充分和合理利用土地资源，提高节约集约用地水平，鼓励建设多层工业厂房，加快现代城市商业发展，促进经济社会可持续发展，根据国家、省和市有关土地法律法规政策，结合市区实际，制定本办法。第二条  本办法适用于市区（不含新会区）城镇建设范围内的升级改造旧厂房项目（包括仓库及旧厂房配套的生活设施），土地权属来源合法，旧厂房升级改造符合所在区域的土地利用规划和城市规划，符合国家、省和我市建设项目环保准入的相关法律法规和政策规定，与周边的环境功能相协调。第三条  扶持对象升级改造后的工业项目（包括科研、仓库、物流项目，下同）和通过“三旧”改造的商业项目，符合以下条件并用于扩大再生产的，可享受本办法的奖励：（一）升级改造后工业项目的建筑不低于3层，单体建筑面积不低于3000平方米；旧厂房改造后整个地块建设的容积率不低于1.2，建筑密度不低于30%，绿地率不大于20%。（二）升级改造后商业项目的建筑不低于3层，单体建筑面积不低于10000平方米，旧厂房改造后整个地块建设的容积率不低于3.0。第四条  扶持措施（一）对旧厂房的升级改造项目，按其缴纳城市基础设施配套费 (扣除相关刚性支出14%后)的金额设立专项扶持资金，给予升级改造项目等额资金扶持。（二）整合开发面积达到30亩或以上，整合土地发生转让，且符合国土管理的有关规定，涉及划拨土地补缴土地出让金的，对整合开发后的企业（土地权属人）所缴纳的土地出让金，由市财政在相关地块的出让收入中，按规定扣除相关刚性支出后安排40%给区财政，由区政府用于该片区的配套基础设施建设，确保专款专用。（三）对升级改造和连片整合开发的工业厂房项目建设过程给予奖励，单个项目最高奖励不超过500万元。所需资金由市、区两级按照现行财政管理体制共同分担，在建设奖励审批完成后三个月内奖励给开发投资者。1.一次性建设多层厂房1-2万平方米（含2万平方米），对第二层及以上部分按50元/平方米给予奖励；60元/平方米给予奖励；70元/平方米给予奖励；奖励。2.一次性建设多层厂房2-3万平方米（含3万平方米），对第二层及以上部分按3.一次性建设多层厂房3-5万平方米（含5万平方米），对第二层及以上部分按4.一次性建设多层厂房5万平方米以上，对第二层及以上部分按80元/平方米给予（四）升级改造为厂房的项目以投产当年作为第一年计算，以企业年度缴纳增值税、企业所得税、营业税、房产税地方留成新增额相应设立专项扶持资金，给予连续5年的专项扶持，第1、第2年按50%、第3-第5年按30%。单个项目的专项扶持额度每年最高不超过300万元，所需资金由市、区两级按照现行财政管理体制共同分担。（五）升级改造的厂房用于对外出租的，自出租当年算起，以其缴纳房产税地方留成安排专项扶持资金，连续5年给予等额资金扶持。所需资金由市、区两级按照现行财政管理体制共同分担。（六）鼓励旧厂房改造发展以工业园区（工业集中点）为主要形式的工业地产项目。土地及地上物已经确权发证的工业房产项目，在不违反《物权法》等有关法律法规规定的前提下，地上物可根据需要自用、出租或分拆出售。房地产发生交易过户的，需按有关规定办理土地、房屋的权属变更登记并缴交有关税费。（七）土地权属人在符合城市规划及三旧改造政策的前提下，经批准改变用地性质，将旧厂房自行改造或交给政府出让改造，用于发展城市综合体（不含住宅部分）、商业写字楼的，按下列标准给予开发投资者单个项目最高不超过2000万元的奖励，所需资金由市财政设立专项扶持资金承担，在建设奖励审批完成后三个月内奖励给开发投资者。1.一次性建设1-2万平方米（含2万平方米），奖励100元/平方米；2.一次性建设2-3万平方米（含3万平方米），奖励120元/平方米；3.一次性建设3-5万平方米（含5万平方米），奖励150元/平方米；4.一次性建设5万平方米以上，奖励180元/平方米。（八）鼓励土地权属人把土地交给市政府纳入土地收储，市政府按所在地段工业用地基准地价给予补偿(不含划拨土地，划拨土地按工业用地划拨土地权益确定补偿金额)。对地上建筑物按双方认可有资质的评估机构进行评估给予合理补偿，在国土资源部门办理注销原土地权属人的土地使用权证手续后，由国土资源部门补偿给原土地权属人。（一）申请确认：升级旧厂房的须在旧厂房拆除或改造前，向区“三旧”改造工作领导小组办公室（以下简称区“三旧”办）提出申请，填写《江门市区旧厂房升级改造项目申请表》（附件1），并同时提交相关证明材料。第五条  申请程序（二）申请方式。1.项目开始动工时，投资者向区“三旧”办提出申请，填写《江门市区旧厂房升级改造基础设施配套专项奖励申请表》（附件2），并由区“三旧”办牵头办理相关手续。2.项目竣工验收后，投资者向区“三旧”办提出申请，填写《江门市区旧厂房升级改造建设奖励申请表》（附件3），如旧厂房改造为商业项目的，则填写《江门市区旧厂房升级改造为商业项目建设奖励申请表》（附件4），并由区“三旧”办牵头办理相关手续。3.对升级改造的多层厂房用于对外出租的，由投资者向区“三旧”办提出申请，填写《江门市区旧厂房升级改造出租申请奖励表》（附件5），并由区“三旧”办牵头办理相关手续。4.对升级改造项目、工业房产项目（均须以一个投资主体名义申报）的新增税收奖励，由投资者向区财政局提出申请，填写《江门市区旧厂房升级改造项目投产后新增税收奖励申请表》（附件6），并由区财政局牵头办理相关手续。5.旧厂房改造后分拆出售时，由市住房城乡建设局、市国土资源局办理房产和土地转让登记手续。（三）申请资料。申请时需带上以下资料原件，并提交复印件：1.企业营业执照；2.房产税、增值税、营业税、企业所得税税票及建筑地税务机关发票；3.土地证、房产证或相关产权文书证明；4.工业厂房出售合同、出租合同；5.相邻企业合作开发合同、土地买卖合同；6.审核部门要求提交的其他资料。第六条  凡享受本办法奖励的项目，原则上5年内不能改变功能。若在5年内经申请批准改变功能的，须返还全部奖励所得。第七条  本办法与其他有关规定的奖励有重复交叉的，按从高不重复原则执第八条  本办法自2013年11月1日起施行，有效期至2017年12月31日止。  附件：1.江门市区旧厂房升级改造项目申请表  2.江门市区旧厂房升级改造基础设施配套专项奖励申请表  3.江门市区旧厂房升级改造建设奖励申请表  4.江门市区旧厂房升级改造为商业项目建设奖励申请表  5.江门市区旧厂房升级改造出租申请奖励表  6.江门市区旧厂房升级改造项目投产后新增税收奖励申请表行。                          江门市区“三旧”改造项目认定申请表(申请改造单位、镇、街道办盖章)拟改造项目名称申请改造人地块位置及权属、地上建筑物情况原土地性质及用途    位置、土地权属及大约面积、拆迁的地上建筑物总面积（约数）是否符合城市总体规划及已编制控制性详细规符合城市总体规划划拟改造项目意向及预期项目为旧村/旧厂/旧城改造，我单位拟进行自行改造/公开出让效果方式改造，自行改造的写清改造后为什么项目、用途及预期效果等           区三旧办审核意见市国土资源局审核意见市城乡规划局审核意见环保部门审核意见市“三旧办”审核意见（盖章）年 月 日（盖章）年 月 日（盖章）年 月 日（盖章）年 月 日（盖章）年 月 日         XX区“三旧”改造项目用地范围内权属情况调查表拟改造项目名称：改造主体：（盖章） (镇、街盖章) 单位：亩序号权属人位置地块权属来源(《土地使用证》证号))国有土地集体土地农用地小计其 中 :耕地建设用地未 利用地农用地其中：备注建 设用地未 利用地小计小计其中:耕地小计旧 厂房旧村庄                                                                                 改造项目用地总面积： 亩 合计注：1、属集体土地的地块权属来源一栏填《土地所有权证》，面积需分出旧厂房与旧村庄面积；2、权属人一栏为《土地使用证》或《房产证》的权属人，地块权属来源一栏填写《土地使用证》或《房产证》的证号；3、属旧村改造的需在备注栏填写旧村庄土地占改造项目用地总面积的百分比。 123       XX区“三旧”改造方案申请表（自行改造方式）法人代码（或身份证号改造项目名称申请人码）法定代表人通讯地址及邮政编码联系电话法定代表人身份证号码   项目位置项目拟建时间                  项目简介（请说明目前现状、改造意向、预期效果）：土地使用权人项目用地面积土地使用权类型原土地用途是否纳入“三旧”改造专项规划是否符合城市总体规划是否符合土地利用总体规划是否已制定改造方案  年 月 日     区三旧办审核意见市国土资源局审核意见年 月 日       项目投资额度土地性质项目建筑面积改造后规划用途是否纳入年度改造计划是否已编制控制性详细规划是否符合产业发展规划          申请人： （盖章）法定代表人：   （盖章）（盖章）年 月 日市城乡规划局审核意见市住房和城乡建设局审核意见市环保局审核意见其他相关部门 意见市“三旧办”审核意见        市政府审批意见              （盖章）年 月 日（盖章）年 月 日（盖章）年 月 日（盖章）年 月 日（盖章）年 月 日（盖章）年 月 日XX区“三旧”改造方案申请表 改造项目名称申请人地址项目位置项目拆迁面积项目用地面积项目投资额度是否符合土地利用总体规划是否符合产业发展规划  年 月 日 市国土资源局审核意见（公开出让方式）  联系电话项目拟建时间涉及拆迁户数项目建筑面积项目开发形式是否符合城市总体是否已制定改造方规划案               申请人： （盖章）法定代表人：     （盖章）年 月 日项目简介（请说明目前现状、改造意向、预期效果）：市城乡规划局审核意见     市住房和城乡建设局审核意见市环保局审核意见其他相关部门意见                  （盖章）年 月 日（盖章）年 月 日（盖章）年 月 日（盖章）年 月 日市“三旧办”审核意见市政府审批意见              （盖章）年 月 日（盖章）年 月 日“三旧”改造项目认定及改造方案申请表法人代码（或身份证号码）联系电话拟改造项目名称 地块位置及权属、地上建筑 申请人物情况现土地用途法定代表人通讯地址及邮政编码土地使用权人项目用地面积改造后规划用途         法定代表人身份证号码项目拟建时间项目投资额度项目建筑面积是否纳入年度改造计划      是否符合城市总体规划是否已编制控制性详细规划（未有编制控制性详细规划的是否有规划初审意见和证明材料）  项目简介（请说明目前现状、改造意向、预期效果）：申请人： （盖章）法定代表人：   是否纳入“三旧”改造专项规划是否符合土地利用总体规划是否编制改造方案   20 年 月 日 市国土资源局审核意见年 月 日市城乡规划局审核意见市住建局审核意见          （盖章）（盖章）年 月 日（盖章）年 月 日              （盖章）年 月 日（盖章）年 月 日（盖章）年 月 日（盖章）年 月 日   市环保局审核意见见其他部门审核意 市 “ 三 旧 ” 办 审 核意见市政府审批意见 发表评论与建议发 表,市,2013江门市区旧厂房升级改造扶持办法,2013
江门,关于台山市“三旧”改造旧厂房项目地上建筑物补偿问题的补充通知 台府办〔2014〕36号各工业园区管委会，各镇人民政府（街道办事处），海宴华侨农场，市直有关单位：《关于印发台山市推进旧城镇旧厂房旧村庄改造的实施意见（试行）及其工作方案》（台府〔2010〕15号）施行以来，我市“三旧”改造工作有序开展，取得了预期成效。为进一步规范我市“三旧”改造工作，根据我市实际，经市政府研究，现对我市“三旧”改造旧厂房项目地上建筑物补偿问题补充通知如下：一、由原土地使用权人提出自行组织实施，改造为商业、住宅项目的旧厂房改造项目，其地上建筑物不再给予补偿；如原土地使用权人不自行改造，而交由市土地开发储备中心统一收回土地使用权的旧厂房改造项目，其地上建筑物仍纳入收回价格计算价值，按规定补偿原土地使用权人。二、由政府主导开展的旧厂房改造项目，地上建筑物仍按台府〔2010〕15号及《关于印发台山市“三旧”改造实施细则（试行）的通知》（台府〔2010〕78号）等文件规定进行补偿。权属人必须按市政府批复的建设期限组织实施。三、政府主导开展的旧厂房改造项目是指在旧城区、旧镇区核心范围内，因城市规划建设需要或经济社会发展需要，由政府引导开展的项目。具体操作程序如下：（1）由市城乡规划、土地开发储备、城市管理等政府相关职能部门或各镇（街、场）根据工作实际需要，向市“三旧办”提出项目改造建议。（2）市“三旧办”召集市国土资源、城乡规划、财政等职能部门及项目所在地镇政府（街道、农场）对拟改造项目进行初步审核。（3）项目初审通过的，由提出项目改造建议的部门单位或市“三旧”办与项目权属人协商，引导项目权属人开展“三旧”改造。（4）项目权属人有意向同意进行“三旧”改造的，由市“三旧办”将该项目报市政府常务会议或市长办公会议最终审核认定后，由项目权属人依法组织实施“三旧”改造或由市土地开发储备中心依法收回土地使用权。四、本补充通知实施前已通过审核认定的“三旧”改造旧厂房项目，并于2014年10月31日前办理土地用途变更手续的，地上建筑物继续按台府〔2010〕15号及台府〔2010〕78号等文件规定进行补偿；如因政府审批等原因确需延期的，改造主体须在上述期限届满前5个工作日向市“三旧办”书面提出申请，报市政府审批。逾期不办理土地用途变更手续而又未经批准延期的，该项目地上建筑物不再补偿。五、本补充通知自2014年8月1日起施行，在实施期间如上级有新规定，按上级规定执行。旧城镇、旧村庄改造工作不适用本通知。台山市人民政府办公室2014年7月25日发表评论与建议  发 表,市,2014关于台山市“三旧”改造旧厂房项目地上建筑物补偿问题的补充通知,2014
江门,       江门市人民政府关于印发江门市市区工业类用地升级改造开发项目的工作指导意见的通知江府〔2015〕12号各市、区人民政府，市政府各部门、各直属机构：《关于江门市市区工业类用地升级改造开发项目的工作指导意见》业经市政府十四届80次常务会议审议通过，现印发给你们，请认真贯彻执行。执行中遇到的问题请径向市“三旧”办反映。江门市人民政府2015年7月21日关于江门市市区工业类用地升级改造开发项目的工作指导意见一、目的与依据为加快产业转型升级和结构调整，进一步提升集约节约用地水平和满足中小微企业发展用地需要，营造“大众创业，万众创新”的良好环境，注入经济发展新动力，根据《中华人民共和国土地管理法》、《中华人民共和国城市房地产管理法》、《城乡规划法》、《土地登记办法》、《房屋登记办法》等法律、法规，结合我市实际，就市区工业类用地升级改造开发项目，制定本意见。二、适用范围及基本要求的升级改造开发项目。（一）本意见适用于江门市市区新增以及存量工业（仓储）、科研、教育用地（二）项目用地需符合土地利用总体规划和城乡规划，土地权属来源合法，符合环保准入的相关法律法规和政策规定，与周边的环境功能及景观相协调。三、具体措施（一）根据地块的环境状况、历史人文和物业特点，鼓励对现有项目用地实施升级改造，并可适度提高建筑容积率。（二）项目扩建增容的开发强度技术指标需符合以下规划要求：1．工业升级改造开发（产品研发、教育、企业总部办公区域、中小微企业孵化器、企业产品展示厅等）：容积率1.5至3.5，建筑密度控制区间为35%至50%，绿地率控制区间10%至20%，停车位配置标准为每100㎡建筑面积设0.5个停车位。项目改造后用途作为科技企业孵化器的，容积率可适当提高至4.0。2．工业扩建增容开发：容积率1.5至2.5，建筑密度控制区间为40%至60%，绿地率控制区间10%至20%，停车位配置标准为每100㎡建筑面积设0.2个停车位。3．工业（仓储）用地性质的项目，办公、生活等配套设施用地（仅用于该项目内企业的配套和服务）不超过项目总用地面积的7%，配套设施计容建筑面积不超过总建筑面积的20%。4．已建成的建筑物未明确具体用途的，开发单位应明确用途后再报批。5．特殊个案（如区、市及市级以上重点项目或涉及民生工程）突破上述第1、2、3、4点规划管理规定的，由市城乡规划部门按有关程序报市规委会审议研究，市政府批准后实施。（三）原属公开出让方式取得土地的项目，已建成投入使用的，可申请扩建增容，规划条件需重新拟定并依法公示，经批准后送国土资源部门备案，并签订土地出让合同补充协议。（四）升级改造开发的项目土地用途仍保留为原批准用途。项目建设禁止设计为别墅、住宅等建筑形式，禁止作为商住、商业用途建设使用。（五）项目提高容积率的，不再增缴土地出让金。（六）项目建设的房屋可按幢、层、套、间等固定界限确权，经竣工验收后办理房产产权分割发证和土地产权变更登记。确权、分割、登记应依据城乡规划部门审定的固定界限，由公安部门编订具体门牌号。土地分割发证只按土地使用权共同共有发证，不得将一宗地分为多宗地。经房产及土地登记发证后的项目用房可以转让、出租。（七）项目改造后用作教育用途的，须符合相关政策法规要求，但不分割发证。（八）申请办理分割发证的项目，还需符合以下条件之一：1．协议出让的土地；2．村集体经济组织的出让性质的国有留用地；3．公开出让时约定可以分割土地证的。（九）项目办公、生活配套用房可确权登记至项目开发业主名下，但不得进行产权分割和抵押、转让，须优先出租给入驻企业使用。项目配套用房以外的产业类用房可分割转让的建筑面积不得超过总计容建筑面积的50%。确权转让时不得超过在建或已建成建筑面积的50%。（十）项目宗地范围内的道路、绿地、公共场所、公用设施和物业服务等用房属业主共有，具体范围及内容应在报建前对外公示及向主管部门备案。公共场所、公用设施和物业服务用房等属业主共有的建筑物不得进行产权登记。（十一）已建成的厂房，符合以上第（二）、（六）、（八）项条件要求的，可以按程序申请办理项目分割房产。分割后必须符合第（四）、（九）、（十）项的要求。四、办理程序（一）存量土地办理项目申请程序。1．项目在拆除建筑物及建设前，项目开发业主应向区“三旧”改造工作领导小组办公室（以下简称区“三旧”办）提出申请；2．经区“三旧”办审查符合本意见相关规定的，由区政府组织审核并公示后，区主要领导审批。经批准同意的项目由区“三旧”办报市“三旧”办、市国土资源局、市城乡规划局、市住房城乡建设局、市环境保护局、市经济和信息化局、市教育局、市科技局等部门备案；3．向发展改革、城乡规划、国土资源、环境保护、住房城乡建设、教育、科技等部门申报相关手续；（二）新增建设用地用于项目建设的，须公开出让。出让前由区政府提出意向报市政府审批，市政府同意后由相关部门按职能及程序组织实施。（三）办理产权分割登记流程。1．项目建设工程竣工验收后，办理房产确权登记；2．房产分割转让后办理土地变更登记。五、附则（一）各区根据本意见制定具体办事指引和监管办法。各区政府负责项目建成后企业用地用房的监管，确保为工业、科研、教育用途使用。（二）产权登记部门根据各自职能制定产权分割和登记的具体办事指引和内部管理办法。见不一致的，以本意见为准。（三）凡属工业（仓储）、科研、教育土地房产产权管理及分割的政策与本意（四）本意见自印发之日起实施。（五）各市可根据本意见，结合地方实际，参照执行。 发表评论与建议发 表,市,2015关于江门市市区工业类用地升级改造开发项目的工作指导意见,2015
江门,"  印发鹤山市加快推进“三旧”改造补充意见（试行）的通知各镇政府、沙坪街道办，市有关单位：《鹤山市加快推进“三旧”改造补充意见（试行）》已经2015年10月29日市政府常务会议审议通过，现印发给你们，请认真贯彻执行。执行中遇到的问题，请径向市“三旧”改造办反映。 鹤山市人民政府办公室2015年11月13日 鹤山市加快推进“三旧”改造补充意见（试行）为进一步规范推进“三旧”改造，加快产业结构调整和宜居城市建设，根据《关于推进“三旧”改造促进节约集约用地的若干意见》（粤府〔2009〕78号）、《印发〈关于加强“三旧”改造规划实施工作的指导意见〉的通知》（粤建规函〔2011〕304号）、《关于印发江门市推进旧城镇旧厂房旧村庄改造的指导意见的通知》（江府〔2010〕1号）、《关于印发江门市区旧厂房升级改造扶持办法的通知》（江府〔 2013 〕 24 号 ） 和 《 关 于 印 发 鹤 山 市 “ 三 旧 ” 改 造 实 施 办 法 的 通 知 》 （ 鹤 府 办〔2010〕15号）、《关于印发鹤山市“三旧”改造实施细则（试行）的通知》（鹤府办〔2010〕24号）的有关规定，结合我市实际，现就“三旧”改造的有关问题提出如下补充意见：一、强化政府引导（一）明确改造理念。以城镇产业转型升级为基本导向，以维护公共利益为基点，以市场配置资源为基础，调动各方积极性，加快“三旧”改造工作进程，努力实现政府、原土地使用权人和相关权利人的共赢，经济效益、社会效益和环境效益的共赢。（二）强化计划管理。进一步做好“三旧”改造规划与土地利用总体规划、主体功能区规划和城乡规划的有效衔接；合理制订、规范审批，明确拟改造范围、改造模式和改造主体等内容，把握好时序进度，引导好社会预期。（三）健全协调机制。充分发挥政府各有关部门在规划管理、用途管制、项目审批、资产处置等方面的引导和把关作用，强化部门联动，提高行政效率；加强各部门间的信息沟通，健全资产收购方面的信息互通机制，积极实施政府回购与储备，有效维护社会公益。二、强化规划先行（四）实施区片控制。市政府为建设城市基础设施和公共设施需要调整使用的土地，依法收回、纳入政府土地储备。同时，我市的国际物流港片区和谷埠新区，纳入市政府规划控制范围。该控制范围内的旧厂房改造，须由市政府统一收储、公开出让；上述范围外的旧厂房改造，可由原土地使用权人选择申请自行改造或申请公开出让。（五）合理划分单元。按照城镇规划，合理设置城镇更新改造单元。鼓励申请自行改造的原土地使用权人连片整合开发相邻地块。整合开发的土地面积原则上不少于1公顷（15亩）。按规划需要整合的旧厂房以外边角地、插花地、夹心地，应一并纳入改造范围。属于政府收储的项目，应将边角地、插花地、夹心地一并收储；属于自行改造的项目，由申请自行改造的旧厂房土地使用权人将边角地、插花地、夹心地进行土地归宗或与相关土地使用权人联合改造。对处于边角地、插花地、夹心地等特殊地理位置确实无法整合达到1公顷（15亩）以上的旧厂房项目，可按程序报批后实施改造。（六）控制开发强度。旧厂房改造为住宅项目规划容积率最高不超过3.0。（七）注重配套设施。为提高改造区域内的生活服务设施配套水平，申请自行改造的商住项目必须按照规定配套教育、社区服务等八类公共服务设施；其中社区公共服务用房的配建必须符合《广东省住房和城乡建设厅广东省民政厅关于规范新建住宅物业配建社区公共服务用房的通知》（粤建房﹝2015﹞122号）的规定。三、公开出让、收益支持（八）符合旧厂房改造政策的，鼓励原土地使用权人委托政府土地储备机构公开出让。土地出让后按以下收益支持方式计算补偿款：1.旧厂房改造地块公开出让，将土地出让成交价扣除原土地使用权人土地补偿（按原土地用途及剩余使用年限的基准地价测算补偿）和厂房重置费（按厂区建筑物评估价格）及有关税费后，其土地出让纯收益按50%比例，依照有关规定返还给原土地使用权人以支持企业发展。2.政府收益部分按项目属地划分为城区项目和镇属项目。城区项目指鹤山市城市规划区81.4平方公里范围，含沙坪街道和雅瑶、古劳、桃源的部分区域，其余为镇属项目。镇属项目政府收益部分扣除相关税费后，由市、镇两级财政按比例（4:6）分配，以补助形式支持项目属地镇开展城市基础配套设施建设。3.原土地使用权人与政府土地储备机构签订土地收储协议，并委托政府土地储备机构先行将土地组织公开出让的，土地补偿款在土地出让成交后的收益中支付。四、自行改造、补缴地价地性质分为以下两种情况：（九）土地使用权人在符合城市规划及市“三旧”改造规划前提下，经批准改变用1.将旧厂房自行开发改造为商业、办公等用途的，按调整前后土地用途的市场评估价格差价的50%补缴土地出让金。另按改造项目报建面积，城区项目每平方米奖励80元；镇属项目每平方米奖励50元。2.将旧厂房自行开发改造为商住用途的，鹤山市城市规划区81.4平方公里范围内（除谷埠新区和美雅片区外）的城区项目按调整前后土地用途的市场评估价差价的90%补缴地价；鹤山市城市规划区81.4平方公里范围外的镇属项目按调整前后土地用途的市场评估价差价的75%补缴地价。五、鼓励旧厂房升级改造（十）各镇（街）原有旧厂房进行升级改造的工业项目，升级改造后工业项目的建筑不低于3层，单体建筑面积不低于3000平方米，整个地块建设的容积率不低于1.5，建筑密度不低于40%，绿地率高于20%（含本数）,可享受以下奖励：1.一次性建设多层厂房在3000-10000平方米（含10000平方米），对第二层及以上部分按70元／平方米给予奖励；2.一次性建设多层厂房10000-20000平方米（含20000平方米），对第二层及以上部分按80元／平方米给予奖励；上部分按90元／平方米给予奖励；方米给予奖励。3.一次性建设多层厂房20000-30000平方米（含30000平方米），对第二层及以4.一次性建设多层厂房超过30000平方米的，对第二层及以上部分按100元／平单个项目最高奖不超过200万元，所需资金由市、属地镇（街）两级按现行财政管理体制比例分担。在项目竣工验收后，由所属镇（街）报市“三旧”改造办公室审核后报市财政局审批发放奖励资金。六、鼓励旧城镇改造（十一）“三旧”改造项目用地的合法建筑容量在项目改造后，按照城市规划要求无法继续消化安排的，在符合城市规划和产业发展规划的情况下，允许同一土地使用权人在相邻地块内进行转移。具体由市“三旧”改造办公室核实后，报市城乡规划局审核。七、鼓励推进市“三旧”重点项目（十二）谷埠新区和美雅片区是我市旧城更新重点推进项目，可分别依据《鹤山市谷埠新区旧城更新实施方案》和《鹤山市美雅片区旧城更新实施方案》享受专项优惠政策。其他纳入我市旧城更新范围的重点推进项目，经市“三旧”改造办公室报市政府批准，可享受专项优惠政策。八、其他规定（十三）已经市政府批准的旧厂房自行改造方案，必须自批准之日起六个月实施。在旧厂房拆除之前，市国土资源部门不能为其办理变更土地用途手续。逾期未能实施改造的项目，所批准的改造方案自行作废。项目重新启动时，需再次办理审批手续。（十四）农村集体土地的改造方式不变，仍按《鹤山市“三旧”改造实施细则》（鹤府办〔2010〕24号）执行。（十五）根据《转发财政部关于加强政府非税收入管理的通知》（粤财综〔2004〕168号）的有关规定，未经财政部或省财政厅批准,各执收单位不得自行减免行政事业性收费（包括城市基础设施配套费）。本市此前出台的有关“三旧”改造政策文件与上述规定不一致的，按上述规定执行。（十六）本补充意见自2015年11月1日起实施。2014年4月16日印发的《关于进一步推进鹤山市“三旧”改造工作的补充意见（试行）》（鹤府办〔2014〕15号）同时废止。 发表评论与建议发 表",市,2015印发鹤山市加快推进“三旧”改造补充意见（试行）的通知,2015
江门,"鹤山市加快推进“三旧”改造工作的通知 各镇政府、沙坪街道办，市有关单位：为进一步规范推进我市“三旧”改造工作，加快产业结构调整和宜居城乡建设，根据《关于推进“三旧”改造促进节约集约用地的若干意见》（粤府〔2009〕78号）、《广东省人民政府关于提升“三旧”改造水平促进节约集约用地的通知》（粤府〔2016〕96号）、《印发〈关于加强“三旧”改造规划实施工作的指导意见〉的通知》（粤建规函〔2011〕304号）、《关于印发江门市区旧厂房升级改造扶持办法的通知》（江府〔2013〕24号）和《关于印发鹤山市“三旧”改造实施办法的通知》（鹤府办〔2010〕15号）、《关于印发鹤山市“三旧”改造实施细则（试行）的通知》（鹤府办〔2010〕24号）的有关规定，结合我市实际，现就加快推进“三旧”改造工作的有关事项通知如下：一、强化政府引导（一）明确改造理念。以城镇产业转型升级为基本导向，以维护公共利益为基点，以市场配置资源为基础，调动各方积极性，加快“三旧”改造工作进程，努力实现政府、原土地使用权人和相关权利人的共赢，经济效益、社会效益和环境效益的共赢。（二）强化计划管理。进一步做好“三旧”改造规划与土地利用总体规划、主体功能区规划和城乡规划的有效衔接；合理制订、规范审批，明确拟改造范围、改造模式和改造主体等内容，把握好时序进度，引导好社会预期。（三）健全协调机制。充分发挥市有关部门在规划管理、用途管制、项目审批、资产处置等方面的引导和把关作用，强化部门联动，提高行政效率；加强市有关部门之间的信息沟通，健全资产收购方面的信息互通机制，积极实施政府回购与储备，有效维护社会公益。二、强化规划先行（四）合理划分单元。按照城镇规划，合理设置城镇更新改造单元。鼓励旧厂房申请自行改造的原土地使用权人连片整合开发相邻地块。整合开发改造为商住用途的土地面积一般不少于1公顷（15亩），谷埠新区和美雅片区项目开发面积一般不少于10公顷（150亩）。（五）按规划需要整合的旧厂房以外边角地、插花地、夹心地，应一并纳入改造范围。属于政府收储的项目，应将边角地、插花地、夹心地一并收储；属于自行改造的项目，由申请自行改造的旧厂房土地使用权人将边角地、插花地、夹心地进行土地归宗或与相关土地使用权人联合改造。（六）控制开发强度。旧厂房改造为商住项目规划容积率控制在3.0以内（含3.0）。商业项目规划容积率一般控制在4.0以内。（七）注重配套设施。为提高改造区域内的生活服务设施配套水平，申请自行改造的商住项目必须按照相关政策规定配套教育、社区服务等八类公共服务设施。各镇（街）可结合存量土地开发利用特点，完善控制标准，并对提供公共性设施或城市公共空间、保障性住房、历史文物保护的“三旧”改造项目实行容积率奖励或异地补偿。三、公开出让、收益支持（八）符合旧厂房改造政策的，鼓励原土地使用权人委托市国土资源部门办理公开出让。土地出让后按以下收益支持方式计算补偿款：1.旧厂房改造地块公开出让，将土地出让成交价扣除原土地使用权人土地补偿（按原土地用途及剩余使用年限的基准地价测算补偿）和原土地上建筑物评估价格及有关税费后，其土地出让纯收益按60%比例，依照有关规定返还给原土地使用权人以支持企业发展。2.我市公开出让“三旧”改造地块土地使用权出让资金市财政计提按照如下办法执行：（1）按土地出让面积每平方米计提教育资金4.7元；（2）按土地出让面积每平方米计提农业开发资金9.4元；（3）按土地出让价2.5%计提农田水利建设资金。3.政府收益部分按项目属地划分为城区项目和镇属项目。城区项目指鹤山市城市规划区81.4平方公里范围，含沙坪街道和雅瑶、古劳、龙口、桃源的部分区域，其余为镇属项目。城区项目政府收益部分扣除相关税费后，由市、镇（街）两级财政按比例（6.5:3.5）分配，镇属项目政府收益部分扣除相关税费后，由市、镇两级财政按比例（4:6）分配，以补助形式支持项目属地镇开展城市基础配套设施建设。4.原土地使用权人委托国土资源部门先行将土地组织公开出让，土地补偿款在土地出让成交后的收益中支付。四、自行改造、补缴地价（九）“三旧”改造项目中，在符合土地利用总体规划、城市规划及市“三旧”改造规划前提下，原土地使用权人拟拆除重建自行改造的，涉及国有建设用地改变土地用途的，经市政府同意可采取协议补办出让的方式办理。改变土地用途补交的土地出让金按如下标准计收：1.自行开发改造为商业、办公等用途的，按调整前后土地用途的市场评估价格差价的50%补交土地出让金。另按改造项目报建面积，城区项目由市财政给予每平方米奖励80元；镇属项目由属地镇给予每平方米奖励50元。2.自行开发改造为城镇住宅或城镇住宅兼容商服用途的，按调整前后土地用途的市场评估价差价的70%补交土地出让金。其中，市属重点改造项目谷埠新区和美雅片区按60%补交土地出让金。3.由原土地权利人自行改造的，除应当按规定补缴地价款及相关税费外，应当按照城乡规划要求，并将不低于该项目用地面积15%的土地无偿移交政府用于城市基础设施、公共服务设施建设或者其他公益性项目建设。五、鼓励旧厂房升级改造（十）各镇（街）原有旧厂房进行升级改造的工业提升改造项目，在符合城乡规划、不改变土地用途的前提下，增加容积率的不再补交土地出让金。升级改造后工业项目的建筑不低于3层，单体建筑面积不低于3000平方米，整个地块建设的容积率不低于1.5，建筑密度不低于40%，绿地率高于20%（含本数）,可享受以下奖励：1.一次性建设多层厂房在3000-10000平方米（含10000平方米），对第二层及以上部分按70元／平方米给予奖励；2.一次性建设多层厂房10001-20000平方米（含20000平方米），对第二层及以上部分按80元／平方米给予奖励；上部分按90元／平方米给予奖励；方米给予奖励。3.一次性建设多层厂房20001-30000平方米（含30000平方米），对第二层及以4.一次性建设多层厂房超过30000平方米的，对第二层及以上部分按100元／平单个项目最高奖不超过200万元，所需资金由市、属地镇（街）两级按现行财政管理体制比例分担。在项目竣工验收后，由所属镇（街）报市“三旧”改造办审核后报市财政局审批发放奖励资金。六、鼓励旧城镇改造（十一）鼓励推动旧城镇的改造工作，经批准实施的旧城镇改造，可根据拆除的旧城镇内国有建设用地上的合法房屋实行拆一免三优惠政策，即拆除1平方米的房屋，可给予改造建设3平方米房屋不需补缴增容土地出让金的优惠政策，超出部分按规定补缴增容土地出让金。（十二）“三旧”改造项目用地的合法建筑容量在项目改造后，按照城市规划要求无法继续消化安排的，在符合城市规划和产业发展规划的情况下，允许同一土地使用权人在邻近地块内进行转移，具体转移方案由项目改造主体报市城乡规划局审批实施。七、建立健全“三旧”改造工作监管机制（十三）加强“三旧”改造事中事后监管。要对“三旧”改造项目实施情况进行动态监管。市“三旧”改造办要与改造主体签订监管协议，明确协议落实到位。对规模较大的改造项目，可依据市城乡规划主管部门审批通过的分期建设规划，结合改造资金筹措情况，实行分期供地。（十四）建立健全退出机制，对未按改造方案和供地文书确定的开竣工时间、土地用途、开发强度等实施改造的，取消“三旧”改造优惠政策,并按《中华人民共和国城镇国有土地使用权出让和转让暂行条例》（国务院令第55号）等规定实施处罚；对拆除重建或新建部分构成闲置土地的，按照《闲置土地处置办法》处理；对“三旧”改造为名骗取完善历史用地手续的，一经查实，严肃处理。（十五）已经市政府批准的旧厂房自行改造方案，必须自批准之日起六个月内实施旧厂房拆除工作。在旧厂房拆除之前，市国土部门不能为其办理变更土地用途手续。逾期未能实施旧厂房拆除工作的项目，所批准的改造方案自动作废。项目重新启动时，需再次办理审批手续。（十六）加强“三旧”改造工作信息公开。对“三旧”改造涉及的政府收储土地使用权、使用土地出让收入对原土地权利人进行补偿、协议出让补偿地价等重大事项，须经市政府集体决策，并将决策结果在政府门户网站上公示。以招拍挂方式出让“三旧”改造涉及的土地使用权的，应通过公共资源交易平台实行网上交易，交易结果按规定向社会公布，接受群众的监督。八、其他规定（十七）农村集体土地的改造方式不变，仍按《鹤山市“三旧”改造实施细则》（鹤府办〔2010〕24号）执行。（十八）根据《转发关于印发政府非税收入管理办法的通知》（江财综）〔2016〕13号）的有关规定，取消、停征、减征、免征或者缓征非税收入，以及调整非税收入的征收对象、范围、标准和期限，应当按照设立和征收非税收入管理权限予以批准，不许越权批准（包括城市基础设施配套费）。如本市已出台的有关“三旧”改造政策文件与上述规定有冲突，以上述规定为准。（十九）上述“三旧”改造政策未尽事宜，按《广东省人民政府关于提升“三旧”改造水平促进节约集约用地的通知》（粤府〔2016〕96号）执行。如遇到上级有关政策调整,则按上级新政策执行。（二十）本通知自印发之日起实施。2015年11月13日印发的《印发鹤山市加快推进“三旧”改造补充意见（试行）的通知》（鹤府办〔2015〕58号）同时废止。 鹤山市人民政府办公室2016年12月21日 发表评论与建议发 表",市,2016鹤山市加快推进“三旧”改造工作的通知,2016
江门,   江门市人民政府关于印发《江门市市区“三旧”改造实施意见（试行）》的通知江府〔2017〕19号各市（区）人民政府，市政府各部门、各直属机构，中直、省直驻江门有关单位：《江门市市区“三旧”改造实施意见（试行）》业经市人民政府同意，现印发给你们，请认真贯彻执行。执行过程中遇到的问题，请及时向市“三旧”办反映。                  江门市人民政府 2017年9月1日江门市市区“三旧”改造实施意见（试行）为推进江门市市区旧城镇、旧厂房、旧村庄（以下简称“三旧”）改造工作，促进节约集约用地，提升城市更新水平，根据《广东省人民政府关于推进“三旧”改造促进节约集约用地的若干意见》（粤府〔2009〕78号）、《广东省人民政府关于提升“三旧”改造水平促进节约集约用地的通知》（粤府〔2016〕96号）有关精神，结合我市实际，制定本实施意见。本实施意见适用于江门市市区（蓬江、江海、新会区）行政区域范围内“三旧”改造工作的实施管理活动。台山、开平、鹤山和恩平市可参照执行。一、“三旧”改造的范围和认定标准旧城镇改造主要是城镇国有土地的旧房屋改造。城镇国有土地上建设年代久远、基础设施不全、影响城市功能、建筑结构陈旧、存在安全隐患以及因公共利益需要拆迁的房屋及其附属物应纳入旧城镇改造范围。旧厂房改造主要是指城镇建设范围内影响城市合理功能及布局或因产业升级需改造的旧厂区。包括产业发展需要“退二进三”的工业用地，不符合安全生产、环保要求或因城市规划调整不再作为工业用途的厂房（厂区），国家产业目录规定的禁止类、淘汰类产业转为鼓励类产业或现代产业的原厂房用地。旧厂房的认定标准为：2007年6月30日之前已建成使用，上盖物基底面积占改造单元地块面积比例达30%或以上（省有新规定的，从其规定）。未达上述指标的，可通过调整土地面积的方式达标，调出的土地由政府按基准地价标准收回后，可连同改造地块公开出让。旧村改造主要指“城中村”、“园中村”、“空心村”等在内的旧村庄改造。旧村庄是指以集体建设用地为主，用途以宅基地为主，包括村属学校、巷道、晒场、村办公用房等公共设施用地。一个改造项目的规划范围混含旧村庄、旧厂房、旧城镇的，旧村庄建设用地面积占规划总面积70%或以上的，可视为旧村改造。二、“三旧”改造的实施主体“三旧”改造按不同情况，以不同的方式确定改造主体。（一）城市基础设施和公共设施建设，不涉及经营性项目的，可由市或各区政府指定改造和建设主体。改造所需要的土地，由政府收回或征收。改造后节余的土地，纳入政府储备土地，由政府统筹安排使用。（二）旧村改造，可由旧村庄土地所属的农村集体经济组织申请作为改造主体，自行改造。1．申请改造的旧村庄所在地块应已编制控制性详细规划和三旧改造单元规划。2．鼓励旧村改造所属的农村集体经济组织申请将旧村庄改造范围内的集体土地转为国有建设用地。未转为国有建设用地的土地，不能用于商品房地产开发。3．农村集体经济组织可成立独资(或全资)项目公司开展旧村改造，项目公司可作为旧村改造主体。改造主体取得改造地块使用权后，需引入社会资金合作开发的，合作主体的选择和合作方式、出资比例、利益分配等内容必须按村民组织法实施，召开村民大会或村民代表大会通过，并须通过农村集体资产交易平台公开选择合作主体。（三）“三旧”改造中将旧厂房用地改造为商住混合用地或商品住宅用地的，国有土地使用权由当地政府依法收回，应当采用招标、拍卖或者挂牌方式公开出让，所得收益按“三旧”改造补偿标准补偿原土地使用权人。“三旧”改造中将旧厂房用地改造为商业、旅游、娱乐、教育、科技、医疗、文化、体育等用地的，符合所在地块控制性详细规划和“三旧”改造单元规划，原土地使用权人可申请自行改造。（四）市属、区属国有全资企业可在政策允许范围内将自有的旧厂房用地按三旧改造规划自行改造。三、“三旧”改造方案（一）“三旧”改造方案编制的主要内容。1．改造地块基本情况。具体应包括土地位置、面积、土地权属情况、土地使用方式、房屋产权情况、临时建筑物或构筑物的面积及是否存在抵押、查封等情况。2．规划情况。包括改造地块是否符合土地利用总体规划和城乡规划，是否已纳入“三旧”改造专项规划和年度实施计划，是否已编制控制性详细规划或“三旧”改造单元规划。根据“三旧”改造专项规划划定的改造范围，可以连片一次改造，也可以分期分项目实施。分期分项目改造的，每期每项目必须按照经批准的“三旧”改造单元规划实施，保持控制性详细规划的完整性，在经济上和社会效益上有利于整个规划范围的顺利实施，不允许只改易不改难。具体分期分项目的范围由区“三旧”办组织国土资源、城乡规划部门审定。3．土地利用现状情况。包括该地块现用途情况，使用情况（属于不同用途的，分别列出用途、面积及使用单位）。现有建筑面积、容积率、年产值等情况。4．协议补偿情况。包括地块中需完善征收手续的土地的征地补偿情况、被征地农民的意见、违法用地处罚情况、或自行改造主体与土地原权属人达成的补偿或收购协议情况。旧村庄改造涉及拆迁安置的地块（特别是分期分项目的）须召开村民大会或村民代表大会，就拆迁补偿标准和安置方案，经三分之二以上村民或村民代表表决通过，形成决议。5．土地拟改造情况。包括供地方式、改造后的土地用途（具体的用途和产业）、地块改造的规划建设要求、重置建设成本、预计年产值（或改造后的综合效益情况）、承担的公建配套设施及移交等情况。（二）申请自行改造的，申请人应提交自行编制的“三旧”改造方案，并阐明符合自行改造条件的理由。采用公开方式确定改造主体的，由各区“三旧”办组织编制“三旧”改造方案。改造方案的审定文件不作为规划和用地许可的法定批准文件，改造方案批准后，需另行申请规划及用地许可。（三）“三旧”改造方案由各区政府组织审批，审批内容应包括土地使用、公建配套、环保要求、文物保护等，审批结果报市“三旧”办及市国土、规划、住建、环保、文广新等部门备案。四、“三旧”改造程序（一）做好改造范围土地房屋权属状况调查。在经批准的“三旧”改造专项规划范围内，项目实施改造前，由区“三旧”办组织相关部门和委托有资质的测绘单位，对每片拟改造范围的土地和房屋面积、权属状况进行调查摸底，在图件上标注，并列表造册，做好“三旧”改造范围内的权属登记工作。调查成果作为制订“三旧”改造方案的依据。（二）纳入“三旧”改造专项规划并标图建库备案的改造项目，可按“三旧”改造政策实施。包含多个相邻地块需成片连片改造的“三旧”改造项目须在地块控制性详细规划的基础上编制“三旧”改造单元规划。（三）经批准的“三旧”改造方案，列入“三旧”改造年度实施计划后，由国土资源部门制定供地方案。供地方案按照土地审批制度报批后，按程序供地。属协议出让土地的，出让前要按规定公示。五、“三旧”改造的土地出让价格（一）自行改造项目土地出让价格。自行改造的项目，在明确“三旧”改造单元规划后，经地价评估、集体决策和公示程序后，按市场价缴交或补缴土地出让价款，并将相关土地协议出让结果逐级报市国土资源局、省国土资源厅备案，同时抄送当地审计部门。（二）公开出让项目土地出让底价。公开出让底价在明确“三旧”改造单元规划及地块规划条件后，经地价评估、集体决策和公示等用地审批程序确定。六、“三旧”改造的房屋及地上物补偿标准（一）旧村庄、旧城镇、旧厂房更新改造范围内的房屋拆迁补偿标准，由各区政府制定后公布执行，原则上每年修订一次。旧村庄改造土地出让收入由区政府统筹，其中5%用于区的城市基础设施建设，其余部分拨付给原农村集体用于成本支出及基础设施建设。（二）“三旧”改造中将旧厂房用地改造为商业、旅游、娱乐用途的自行改造项目，按照本意见第五点确定的标准缴交土地出让价款，缴交的出让价款的30%拨付给原土地使用权人，作为土地及地上物的补偿。“三旧”改造中将旧厂房用地改造为教育、科技、医疗、文化、体育用途的，属划拨性质的补办出让手续补缴土地出让价款后，按相关政策规定执行。（三）市属、区属国有全资企业将旧厂房自行改造为商住混合或商品住宅用地的，在按照本意见第五点确定的标准缴纳地价后，按出让价款总额的10%拨付给原土地使用权人，作为土地及地上物的补偿。（四）旧厂房、旧城镇改造公开出让项目。1．公开出让的旧城镇改造项目，拆迁补偿和安置后形成净地再出让。拆迁补偿安置工作由区政府组织实施。拆迁补偿和安置支付的费用，以及相应的利息（按人民银行同期贷款基准利率计算），地块出让后在土地出让收入中安排。2．“三旧”改造中将旧厂房用地改造为住宅或商业住宅混合用地，通过公开出让确定改造主体的项目，原土地使用权人可获得以下土地及地上物的货币补偿：（1）公开出让项目核定规划容积率2.0以下（含）部分，相应成交额的60%拨付给原土地使用权人；（2）公开出让项目核定规划容积率2.0—2.5（含）部分，相应成交额的40%拨付给原土地使用权人；土地使用权人。（3）公开出让项目核定规划容积率2.5以上部分，相应成交额的10%拨付给原3．“三旧”改造中将旧厂房用地改造为住宅或商业住宅混合用地的公开出让项目，原土地属于村集体经济组织所有的，土地出让收益补偿分配可以选择货币补偿或货币补偿与物业补偿相结合的方式。（1）选择货币补偿的，按照第六（四）2点执行。（2）选择货币补偿与物业补偿相结合的，应在土地公开出让公告中明确原土地使用权人回购物业的面积（不高于该地块总建筑面积的20%）、价格（由土地成本和建筑成本构成，土地成本按照该地块公开出让成交时的楼面地价确定，建筑成本按照江门市工程造价管理站出具的近期建筑工程造价指标确定）、用途。具体落实方案由竞得人和原土地使用权人参考规划设计方案商定。双方的协商过程应不影响土地开发，避免土地闲置。因此造成土地闲置被收回的，政府按原土地成交价60%（含已经支付的货币补偿）补偿给原使用土地的村集体。货币补偿及物业补偿的总补偿金额不高于第六（四）2点的金额。七、“三旧”改造实施要求和政策支持（一）规划方面。1．“三旧”改造专项规划必须服从土地利用总体规划和城乡规划。“三旧”改造专项规划由城乡规划部门牵头组织编制，专项规划成果经征求各区政府和市直相关部门意见后报市规委会及市“三旧”改造工作领导小组批准实施。经批准的“三旧”改造专项规划成果由市政府报送省住房城乡建设厅、省国土资源厅备案。2．“三旧”改造专项规划应包括改造范围、改造目标、改造后的功能定位、总体用地布局和规模、规划控制要求、配套设施的总体规划和道路规划、历史文化遗迹保护、自然生态保护等内容。“三旧”改造专项规划成果应包含规划文本、图纸和附件，并适时修编。3．“三旧”改造专项规划经批准后，对于成片连片改造项目，可在控制性详细规划或者相关上位规划的指引下，由各区政府组织编制“三旧”改造单元规划，明确改造单元内各项目地块的具体规划建设要求及公共服务设施建设责任。“三旧”改造单元规划报市城乡规划委员会控制性详细规划技术审查专业委员会审议后报市政府批准实施。4．“三旧”改造年度实施计划由各区“三旧”办组织编制，经区政府同意后，报市“三旧”办汇总，市“三旧”改造工作领导小组批准后实施。5．按照城市规划要求，符合消防、抗震安全、城市道路等有关规定，在满足功能配套需要的前提下，对为社会公众提供开放空间的项目，可按有关规定适当提高建筑容积率，因地制宜地制定规划指标。6．已出让的工业用地改造后不改变用途的，在符合规划和国家规范前提下，综合考虑不同地块的环境状况、历史人文和物业特点，鼓励适度提高工业用地建筑容积率。提高容积率不需增缴土地出让金。7．符合城乡规划，原有旧厂房建筑质量好、规划可以改为商业、办公等建筑使用的，可保留原有建筑物，改造方案经批准后，按有关规定补交土地出让金后，办理变更土地性质和建筑物使用性质手续，由原土地使用权人实施改造。需要变更土地使用权人的，改变用途后可按转让办理。8．“三旧”改造中将旧厂房用地等土地用途改变为商业和商品住宅等经营性用地的，改造项目应当按照城乡规划要求，将不低于项目用地总面积15%的土地（含地上物，以下简称“公益性用地”）无偿移交政府，用于城市基础设施、公共服务设施或其它公益性设施建设。具体用地构成及处置办法如下：（1）按项目所在地段控规实施公益性项目。其中，公共服务设施用地纳入项目建设用地一并供地，由项目建设单位负责实施建设，建成后无偿移交政府，该部分用地计入需无偿移交的公益性用地；道路等基础设施用地由建设单位移交政府按规定实施。（2）根据项目所在地段控规，若项目需要配建的公益性用地面积小于15%的，应无偿划出地块补足15%，补足部分用地由政府另行安排使用。（3）根据项目所在地段控规，若项目需要配建的公益性用地面积大于15%的，超出部分用地按原土地性质由政府有偿收回。9．结合存量土地开发利用特点，完善控制性详细规划和“三旧”改造单元规划的编制程序及控制标准，对提供公益性设施或城市空间、保障住房、历史文物保护的“三旧”改造项目给予容积率奖励或异地补偿。10．旧村庄、旧城镇依据“三旧”改造单元规划，在项目申请供地前，为便于开展入户动迁工作，可先予办理“三旧”改造规划布局意向方案。（二）土地方面。1．“三旧”改造标图建库实施动态调整，具体按照省国土资源厅《关于建立“三旧”改造地块标图建库动态调整机制的通知》（粤国土资试点发〔2011〕175号）文件执行。2．同一改造单元内，按政策可视为旧村改造的旧厂，经村民大会或村民代表大会通过后，旧厂部分可批准分期先行改造。改造为居住项目的，建成的房屋应主要用于旧村安置，在本改造单元拆迁安置完成前，其中的50%房屋面积不得销售。3．纳入“三旧”改造专项规划改造范围，符合土地利用总体规划且已使用、但没有办理合法用地手续的建设用地，按以下情况分别处理：（1）用地行为发生在1987年1月1日以前的。由国土资源部门出具符合土地利用总体规划的审核意见书，依照原国家土地管理局1995年3月11日发布的《确定土地所有权和土地使用权的若干规定》进行确权，办理国有建设用地确权登记手续。（2）用地行为发生在1987年1月1日至2007年6月30日之间的，已对农村集体经济组织签订补偿协议且作了补偿，没有因征地补偿安置等问题引发纠纷，迄今被征地农民无不同意见的，可按用地发生时的土地管理法律政策落实处理（处罚）后，由地级以上市政府审批完善历史问题用地手续，需办理征收手续的按土地现状向省以上人民政府申请补办征地手续。用地行为发生时法律和政策没有要求听证、办理社保审核和留用地安排的，在提供有关历史用地协议或被征地农村集体同意的前提下，不再要求举行听证、办理社保审核和留用地安排。（3）没有合法用地手续，符合土地利用总体规划而又保留为集体性质的土地，参照上述条款进行确权登记或向地级以上市政府申请补办农地转用手续。上述有关完善历史用地手续的规定执行至2020年底。省有最新文件规定的，从其规定。4．在“三旧”改造中规划边沿地带，单块面积小于3亩，累计面积不超过改造项目用地面积10％的零碎地块，如为集体土地，需向省政府申请办理农地转用或土地征收手续，在提供有关证明材料的前提下，可不再举行听证、办理社保审核和安排留用地。其他方面按现行征转用手续程序办理。5．旧村庄、旧城镇改造涉及原有土地及地上物申请办理注销不动产登记的，按以下程序办理：（1）国有土地使用权及房屋所有权注销：属于政府收回后通过招拍挂方式确定三旧改造主体的，由不动产登记中心凭原权属证书（或遗失声明）及政府用地审批文件（含有同意注销原权属登记内容），直接办理国有土地使用权及房屋所有权注销登记手续。属于自行改造的，房屋拆除后由原登记的房屋所有权人或其合法继承人（委托他人办理的须提供公证委托）申请办理国有土地使用权及房屋所有权注销登记手续。（2）集体土地使用权及房屋所有权注销：由村集体统一作为申请主体，凭已作补偿的依据，到不动产登记部门办理集体土地使用权及房屋所有权注销登记手续。村集体在与产权人签订补偿合同时应收回原权属证书。（三）建设方面。1．按照国家和省有关规定减免“三旧”改造项目涉及的行政事业性收费。旧村庄自行改造项目，在原地块内建设安置住房时，可按原拆除合法住宅对等面积免收城市基础设施配套费（不包括拆除的临建、违建面积）。旧厂房改造项目，在异地兴建厂房的，可按原拆除合法厂房对等面积免收城市基础设施配套费。2．“三旧”改造项目涉及的设计、监理、安装、测绘、施工图审查、建设项目环境影响咨询等经营服务性收费，按收费标准最低限收取。3．“三旧”改造区域涉及的基础设施建设项目优先列入城市建设年度计划。（四）产业发展方面。商引资相关优惠政策。1．搬迁、引入的项目符合各市、区重点扶持发展的行业，可享受项目落户地招2．鼓励实施“工改工”、“工改教”、“工改科”、“工改文”、“工改体”、“工改养老”等行业和产业发展，具体审批管理按照《江门市人民政府关于印发江门市市区工业类用地升级改造开发项目的工作指导意见的通知》（江府〔2015〕12号）执行。（五）税收方面。1．旧厂房改造涉及企业搬迁、土地征用等发生的财产损失，根据国家税务总局《关于发布<企业资产损失所得税税前扣除管理办法>的公告》（国家税务总局公告〔2011〕第25号）的有关规定，在申报企业所得税时扣除。2．对被拆迁人按照国家有关城市房屋拆迁管理办法规定的标准取得的房屋拆迁补偿款，经主管税务机关核实后，依法免征个人所得税；凡县级以上人民政府批准，国土资源部门及有关房地产管理部门发出公告，限期拆（搬）的地（路）段的，被拆迁户取得的拆迁补偿收入（包括货币、货物或其他经济利益），暂不征收增值税及城市维护建设税、教育费附加。属于房屋拆迁补偿的，可按政策规定申请减免契税。3．“三旧”改造拆迁安置补偿及土地整合过户款涉及的增值税、契税、土地增值税、个人及企业所得税等主要税种计收规则，由税务部门依规定完善及明确税收指引，避免重复纳税。4．各地实施“三旧”改造要优先选择工矿企业棚户区和城市危旧房进行改造，执行“三旧”改造优惠政策。“三旧”用地经规定程序纳入棚户区改造范围的，享受棚户区改造优惠政策。（六）司法方面。1．因“三旧”改造发生土地权属争议的，由所在区政府依法及时处理；因征地补偿安置、国有土地上面的房屋征收、建筑施工等发生纠纷的，要引导当事人通过以调解为基础的多元处理方式妥善解决。鼓励社会组织设立第三方调解服务机构，充分发挥社会组织参与土地纠纷调解的优势。有关土地使用权人就旧村庄是否实施改造、搬迁补偿安置等重大事项未能达成一致意见的，由村集体提交村民大会或者村民代表大会讨论决定。2．旧村改造方案及拆迁补偿方案经村民大会或村民代表大会三分二以上通过后，对个别“钉子户”的不合理诉求经调解后仍拒不执行村民大会或村民代表大会决议的，建议村民委员会通过司法途径解决。（七）环保方面。按照“谁污染，谁治理”原则，造成土壤污染的单位或个人要承担治理与修复的主体责任。责任主体发生变更的，由变更后继承其债权、债务的单位或个人承担相关责任；土地使用权依法转让的，由土地使用权受让人或双方约定的责任人承担相关责任。责任主体灭失或责任主体不明确的，由所在地县人民政府依法承担相关责任。八、“三旧”改造的监管监督（一）加强“三旧”改造事中事后监管。依托省、市“三旧”改造地块监管平台，各区“三旧”改造主管部门要落实部门共同监管责任，对“三旧”改造项目实施情况进行动态监管。（二）各区“三旧”改造主管部门要与“三旧”改造主体签订监管协议，明确具体监管措施以及改造主体的责任义务，并加强巡查监管，确保协议落实到位。（三）对规模较大的改造项目，可依据“三旧”改造实施方案由各区“三旧”办组织国土、规划部门审定同意分期实施方案后，实行分期供地；改造过程中需调整改造方案的，应报经原批准机关批准。（四）建立健全“三旧”改造项目退出机制，对未按照改造方案和供地文书确定的开竣工时间、土地用途、开发强度等实施改造的，取消“三旧”改造相关优惠政策，并按《中华人民共和国城镇国有土地使用权出让和转让暂行条例》（国务院令第55号）等规定实施处罚；对拆除重建或者新建部分构成闲置土地的，按照《闲置土地处置办法》（国土资源部令第53号）处理；对以“三旧”改造为名骗取完善历史用地手续的，一经查实，严肃依法处理。（五）加强“三旧”改造工作信息公开，加大公众监督力度。对“三旧”改造涉及的政府收购土地使用权、使用土地出让收入对原土地使用权人进行补偿、协议出让补缴地价等重大事项，须经政府集体决策，并将决策结果在政府门户网站上公示。以招标拍卖挂牌方式出让“三旧”改造涉及的土地使用权的，应通过公共资源交易平台实行网上交易，交易结果按规定向社会公布，接受公众监督。九、“三旧”改造的组织领导（一）“三旧”改造作为一项长期的重点工作，要切实加强组织领导，落实工作机构及人员，保障工作经费，强化工作责任，细化完善具体实施办法和目标任务，确保“三旧”改造工作顺利推进。（二）各相关职能部门要主动服务、优化程序，要将“三旧”改造项目涉及的立项、规划、用地、建设等审批手续全部纳入“绿色通道”，优化审批流程，简化报批材料，推行网上办理，对符合审批条件、手续齐全的项目，即收即办、限时办结。对涉及“三旧”改造项目的审批事项，应当采取提前介入、并联审批等方式加快办理，加快实行“一门式、一网式”审批模式。（三）市政府结合耕地保护目标责任履行情况考核工作，对各地“三旧”改造情况实行年度考核，重点考核常态化工作机制建设、专项政策资金配套、年度改造任务完成情况、改造项目实施监管等工作。考核结果将作为土地利用年度计划管理及实施奖惩的重要依据。（四）监察部门对“三旧”办、相关职能部门履行职责情况以及“三旧”改造开展情况进行监督检查。凡是弄虚作假，擅自将不符合“三旧”改造范围的用地纳入改造范围或不按“三旧”改造报批程序进行报批的，由监察部门依照有关规定严肃查处。本实施意见自2017年9月1日起施行，有效期3年。原《江门市区“三旧”改造实施意见（试行）》（江府〔2010〕3号）同时废止。十、附则 发表评论与建议发 表,市,2017江门市市区“三旧”改造实施意见（试行）,2017
